"Query","Match","HMDB","PubChem","ChEBI","KEGG","METLIN","SMILES","Comment"
"S-1-pyrroline-5-carboxylate","(S)-1-Pyrroline-5-carboxylate","HMDB0001301","1196","1372","C03912","6145","OC(=O)C1CCC=N1","1"
"spermidine","Spermidine","HMDB0001257","1102","16610","C00315","254","NCCCCNCCCN","1"
"1-methylnicotinamide","1-Methylnicotinamide","HMDB0000699","457","16797","C02918","5667","C[N+]1=CC=CC(=C1)C(N)=O","1"
"12,13-DiHOME","12,13-DHOME","HMDB0004705","10236635","72665","C14829",NA,"CCCCCC(C(C/C=C\CCCCCCCC(=O)O)O)O","1"
"alpha-ketoglutarate","Oxoglutaric acid","HMDB0000208","51","30915","C00026","5218","OC(=O)CCC(=O)C(O)=O","1"
"kynurenate","Kynurenic acid","HMDB0000715","3845","18344","C01717","5683","OC(=O)C1=CC(=O)C2=CC=CC=C2N1","1"
"3-hydroxyisobutyrate","(S)-3-Hydroxyisobutyric acid","HMDB0000023","440873","37373","C06001","483","C[C@@H](CO)C(O)=O","1"
"3-hydroxy-3-methylglutarate","3-Hydroxymethylglutaric acid","HMDB0000355","1662","16831","C03761","5344","CC(CC(=O)O)(CC(=O)O)O","1"
"3-phosphoglycerate","3-Phosphoglyceric acid","HMDB0000807","724","17050","C00597","150","OC(COP(O)(O)=O)C(O)=O","1"
"cholate","Cholic acid","HMDB0000619","221493","16359","C00695","206","C[C@H](CCC(=O)O)[C@H]1CC[C@@H]2[C@@]1([C@H](C[C@H]3[C@H]2[C@@H](C[C@H]4[C@@]3(CC[C@H](C4)O)C)O)O)C","1"
"5,6-dihydrothymine","Dihydrothymine","HMDB0000079","93556","27468","C00906","5135","CC1CNC(=O)NC1=O","1"
"hypoxanthine","Hypoxanthine","HMDB0000157","790","17368","C00262","83","OC1=NC=NC2=C1NC=N2","1"
"9,10-DiHOME","9,10-DHOME","HMDB0004704","9966640","72663","C14828",NA,"CCCCC/C=C\CC(C(CCCCCCCC(=O)O)O)O","1"
"linoleate (18:2n6)","Linoleic acid","HMDB0000673","5280450","17351","C01595","191","CCCCC/C=C\C/C=C\CCCCCCCC(=O)O","1"
"laurate (12:0)","Dodecanoic acid","HMDB0000638","3893","30805","C02679","5611","CCCCCCCCCCCC(=O)O","1"
"quinolinate","Quinolinic acid","HMDB0000232","1066","16675","C03722","330","OC(=O)C1=CC=CN=C1C(O)=O","1"
"N6,N6,N6-trimethyllysine","N6,N6,N6-Trimethyl-L-lysine","HMDB0001325","440120","17311","C03793","6161","C[N+](C)(C)CCCC[C@H](N)C([O-])=O","1"
"N-acetylputrescine","N-Acetylputrescine","HMDB0002064","122356","17768","C02714","3252","CC(=O)NCCCCN","1"
"N-formylmethionine","N-Formyl-L-methionine","HMDB0001015","439750","16552","C03145","5945","CSCC[C@H](NC=O)C(O)=O","1"
"S-adenosylhomocysteine (SAH)","S-Adenosylhomocysteine","HMDB0000939","439155","16680","C00021","296","N[C@@H](CCSC[C@H]1O[C@H]([C@H](O)[C@@H]1O)N1C=NC2=C1N=CN=C2N)C(O)=O","1"
"adenosine 3',5'-cyclic monophosphate (cAMP)","Cyclic AMP","HMDB0000058","6076","17489","C00575","5120","[H][C@@]12COP(O)(=O)O[C@@]1([H])[C@@H](O)[C@@H](O2)N1C=NC2=C1N=CN=C2N","1"
"adenosine 5'-monophosphate (AMP)","Adenosine monophosphate","HMDB0000045","6083","16027","C00020","5111","NC1=C2N=CN([C@@H]3O[C@H](COP(O)(O)=O)[C@@H](O)[C@H]3O)C2=NC=N1","1"
"5-methylthioadenosine (MTA)","5'-Methylthioadenosine","HMDB0001173","439176","17509","C00170","3425","CSC[C@H]1O[C@H]([C@H](O)[C@@H]1O)N1C=NC2=C1N=CN=C2N","1"
"arachidonate (20:4n6)","Arachidonic acid","HMDB0001043","444899","15843","C00219","193","CCCCC/C=C\C/C=C\C/C=C\C/C=C\CCCC(=O)O","1"
"arginine","L-Arginine","HMDB0000517","6322","16467","C00062","5502","N[C@@H](CCCNC(N)=N)C(O)=O","1"
"aspartate","L-Aspartic acid","HMDB0000191","5960","17053","C00049","5206","N[C@@H](CC(O)=O)C(O)=O","1"
"3-(4-hydroxyphenyl)lactate","Hydroxyphenyllactic acid","HMDB0000755","9378","17385","C03672","5723","OC(CC1=CC=C(O)C=C1)C(O)=O","1"
"phenylpyruvate","Phenylpyruvic acid","HMDB0000205","997","30851","C00166","328","OC(=O)C(=O)CC1=CC=CC=C1","1"
"beta-alanine","beta-Alanine","HMDB0000056","239","16958","C00099","5119","NCCC(O)=O","1"
"biliverdin","Biliverdin","HMDB0001008","5353439","17033","C00500","5938","CC1=C(C=C)\C(NC1=O)=C\C1=C(C)C(CCC(O)=O)=C(N1)\C=C1/N=C(/C=C2\NC(=O)C(C=C)=C2C)C(C)=C1CCC(O)=O","1"
"succinate","Succinic acid","HMDB0000254","1110","15741","C00042","114","O=C(O)CCC(=O)O","1"
"3-hydroxybutyrate (BHBA)","3R-hydroxy-butanoic acid","HMDB0000011","92135","17066","C01089",NA,"C[C@H](CC(=O)O)O","1"
"cholesterol","Cholesterol","HMDB0000067","5997","1307929","C00187","163","C[C@H](CCCC(C)C)[C@H]1CC[C@@H]2[C@@]1(CC[C@H]3[C@H]2CC=C4[C@@]3(CCC(C4)O)C)C","1"
"choline phosphate","Phosphorylcholine","HMDB0001565","1014","18132","C00588","6326","C[N+](C)(C)CCOP(O)(O)=O","1"
"cortisone","Cortisone","HMDB0002802","225609","16962","C00762","271","C[C@]12CCC(=O)C=C1CC[C@@H]3[C@@H]2C(=O)C[C@]4([C@H]3CC[C@@]4(C(=O)CO)O)C","1"
"creatinine","Creatinine","HMDB0000562","588","16737","C00791","8","CN1CC(=O)NC1=N","1"
"cysteinylglycine","Cysteinylglycine","HMDB0000078","439498","4047","C01419","5134","N[C@@H](CS)C(=O)NCC(O)=O","1"
"cystine","L-Cystine","HMDB0000192","67678","16283","C00491","5207","N[C@@H](CSSC[C@H](N)C(O)=O)C(O)=O","1"
"sphingosine","Sphingosine","HMDB0000252","5353955","16393","C00319","392","CCCCCCCCCCCCC/C=C/C(C(CO)N)O","1"
"deoxycholate","Deoxycholic acid","HMDB0000626","222528","28834","C04483","265","C[C@H](CCC(=O)O)[C@H]1CC[C@@H]2[C@@]1([C@H](C[C@H]3[C@H]2CC[C@H]4[C@@]3(CC[C@H](C4)O)C)O)C","1"
"cystathionine","L-Cystathionine","HMDB0000099","439258","17482","C02291","39","N[C@@H](CCSC[C@H](N)C(O)=O)C(O)=O","1"
"sphinganine","Sphinganine","HMDB0000269","91486","16566","C00836","5268","CCCCCCCCCCCCCCC[C@H]([C@H](CO)N)O","1"
"flavin adenine dinucleotide (FAD)","FAD","HMDB0001248","643975","16238","C00016","6106","CC1=CC2=C(C=C1C)N(C[C@H](O)[C@H](O)[C@H](O)COP(O)(=O)OP(O)(=O)OC[C@H]1O[C@H]([C@H](O)[C@@H]1O)N1C=NC3=C1N=CN=C3N)C1=NC(=O)NC(=O)C1=N2","1"
"fumarate","Fumaric acid","HMDB0000134","444972","18012","C00122","3242","OC(=O)\C=C\C(O)=O","1"
"gamma-glutamylglutamate","gamma-Glutamylglutamic acid","HMDB0011737","92865","73705","C05282",NA,"C(CC(=O)N[C@@H](CCC(=O)O)C(=O)O)[C@@H](C(=O)O)N","1"
"gluconate","Gluconic acid","HMDB0000625","10690","33198","C00257","345","OC[C@@H](O)[C@@H](O)[C@H](O)[C@@H](O)C(O)=O","1"
"glutarate (C5-DC)","Glutaric acid","HMDB0000661","743","17859","C00489","3254","OC(=O)CCCC(O)=O","1"
"glycine","Glycine","HMDB0000123","750","15428","C00037","20","NCC(O)=O","1"
"glycocholate","Glycocholic acid","HMDB0000138","23617285","29746","C01921","5169","C[C@H](CCC(=O)NCC(=O)O)[C@H]1CC[C@@H]2[C@@]1([C@H](C[C@H]3[C@H]2[C@@H](CC4[C@@]3(CC[C@H](C4)O)C)O)O)C","1"
"guanidinoacetate","Guanidoacetic acid","HMDB0000128","763","16344","C00581","5163","NC(=N)NCC(O)=O","1"
"histidine","L-Histidine","HMDB0000177","6274","15971","C00135","21","N[C@@H](CC1=CN=CN1)C(O)=O","1"
"cortisol","Cortisol","HMDB0000063","657311",NA,"C00735","5124","C[C@]12CCC(=O)C=C1CC[C@@H]3[C@@H]2[C@H](C[C@]4([C@H]3CC[C@]4(C(=O)CO)O)C)O","1"
"inosine","Inosine","HMDB0000195","6021","17596","C00294","84","OC[C@H]1O[C@H]([C@H](O)[C@@H]1O)N1C=NC2=C(O)N=CN=C12","1"
"myo-inositol","myo-Inositol","HMDB0000211",NA,"17268","C00137","5221","O[C@H]1[C@H](O)[C@@H](O)[C@H](O)[C@H](O)[C@@H]1O","1"
"isoleucine","L-Isoleucine","HMDB0000172","6306","17191","C00407","5193","CC[C@H](C)[C@@H](C(=O)O)N","1"
"citrulline","Citrulline","HMDB0000904","9750","16349","C00327","16","N[C@@H](CCCNC(N)=O)C(O)=O","1"
"leucine","L-Leucine","HMDB0000687","6106","15603","C00123","24","CC(C)C[C@H](N)C(O)=O","1"
"lysine","L-Lysine","HMDB0000182","5962","18019","C00047","5200","NCCCC[C@H](N)C(O)=O","1"
"malate","L-Malic acid","HMDB0000156","222656","30797","C00149",NA,"O[C@@H](CC(O)=O)C(O)=O","1"
"methionine","L-Methionine","HMDB0000696","6137","16643","C00073","5664","CSCC[C@H](N)C(O)=O","1"
"palmitate (16:0)","Palmitic acid","HMDB0000220","985","15756","C00249","187","CCCCCCCCCCCCCCCC(=O)O","1"
"nicotinamide","Niacinamide","HMDB0001406","936","17154","C00153","1497","NC(=O)C1=CC=CN=C1","1"
"stearate (18:0)","Stearic acid","HMDB0000827","5281","28842","C01530","189","CCCCCCCCCCCCCCCCCC(=O)O","1"
"ornithine","Ornithine","HMDB0000214","6262","15729","C00077","27","NCCC[C@H](N)C(O)=O","1"
"orotate","Orotic acid","HMDB0000226","967","16742","C00295","318","OC(=O)C1=CC(=O)NC(=O)N1","1"
"palmitoleate (16:1n7)","Palmitoleic acid","HMDB0003229","5312427","28716","C08362","188","CCCCCC/C=C\CCCCCCCC(=O)O","1"
"phenylalanine","L-Phenylalanine","HMDB0000159","6140","17295","C00079","28","N[C@@H](CC1=CC=CC=C1)C(O)=O","1"
"phosphate","Phosphate","HMDB0001429","1004","26078","C00009","3231","OP(O)(O)=O","1"
"proline","L-Proline","HMDB0000162","145742","17203","C00148","29","OC(=O)[C@@H]1CCCN1","1"
"lactate","L-Lactic acid","HMDB0000190","107689","422","C00186","5205","C[C@H](O)C(O)=O","1"
"pyridoxal","Pyridoxal","HMDB0001545","1050","17310","C00250","6312","CC1=NC=C(CO)C(C=O)=C1O","1"
"retinol (Vitamin A)","Vitamin A","HMDB0000305","445354","17336","C17276",NA,"CC1=C(C(CCC1)(C)C)/C=C/C(=C/C=C/C(=C/CO)/C)/C","1"
"salicylate","Salicyluric acid","HMDB0000840","10253","9008","C07588","617","OC(=O)CNC(=O)C1=C(O)C=CC=C1","1"
"serine","Serine","HMDB0062263","5951","17822","C00716","5203","N[C@@H](CO)C(O)=O","1"
"serotonin","Serotonin","HMDB0000259","5202","28790","C00780","74","NCCC1=CNC2=C1C=C(O)C=C2","1"
"taurine","Taurine","HMDB0000251","1123","15891","C00245","31","NCCS(O)(=O)=O","1"
"myristate (14:0)","Myristic acid","HMDB0000806","11005","28875","C06424","196","CCCCCCCCCCCCCC(=O)O","1"
"urea","Urea","HMDB0000294","1176","16199","C00086","6","NC(N)=O","1"
"uridine","Uridine","HMDB0000296","6029","16704","C00299","90","OC[C@H]1O[C@H]([C@H](O)[C@@H]1O)N1C=CC(=O)NC1=O","1"
"trans-urocanate","Trans-urocanate","HMDB0062562","1178","27248",NA,NA,"OC(=O)C=CC1=CN=CN1","1"
"glutamate","L-Glutamic acid","HMDB0000148","33032","16015","C00025","5174","N[C@@H](CCC(O)=O)C(O)=O","1"
"glutamine","L-Glutamine","HMDB0000641","5961","18050","C00064","5614","N[C@@H](CCC(N)=O)C(O)=O","1"
"threonine","L-Threonine","HMDB0000167","6288","16857","C00188","32","C[C@@H](O)[C@H](N)C(O)=O","1"
"tryptophan","L-Tryptophan","HMDB0000929","6305","16828","C00078","5879","N[C@@H](CC1=CNC2=C1C=CC=C2)C(O)=O","1"
"valine","L-Valine","HMDB0000883","6287","16414","C00183","5842","CC(C)[C@H](N)C(O)=O","1"
"glucose","D-Glucose","HMDB0000122","5793","4167","C00221","133","OC[C@H]1O[C@@H](O)[C@H](O)[C@@H](O)[C@@H]1O","1"
"alpha-ketobutyrate","3-methyl pyruvic acid","HMDB0000005","58","30831","C00109",NA,"CCC(=O)C(=O)O","1"
"adenosine","Adenosine","HMDB0000050","60961","16335","C00212","86","NC1=C2N=CN([C@@H]3O[C@H](CO)[C@@H](O)[C@H]3O)C2=NC=N1","1"
"betaine","Betaine","HMDB0000043","247","17750","C00719","287","C[N+](C)(C)CC([O-])=O","1"
"cysteine","L-Cysteine","HMDB0000574","5862","17561","C00097","5556","N[C@@H](CS)C(O)=O","1"
"mannose","D-Mannose","HMDB0000169","18950","4208","C00936",NA,"OC[C@H]1O[C@H](O)[C@@H](O)[C@@H](O)[C@@H]1O","1"
"dimethylglycine","Dimethylglycine","HMDB0000092","673","17724","C01026","277","CN(C)CC(O)=O","1"
"alanine","L-Alanine","HMDB0000161","5950","16977","C00041",NA,"C[C@H](N)C(O)=O","1"
"tyrosine","L-Tyrosine","HMDB0000158","6057","17895","C00082","34","N[C@@H](CC1=CC=C(O)C=C1)C(O)=O","1"
"pseudouridine","Pseudouridine","HMDB0000767","15047","17802","C02067","5734","OC[C@H]1O[C@H]([C@H](O)[C@@H]1O)C1=CNC(=O)NC1=O","1"
"pyruvate","Pyruvic acid","HMDB0000243","1060","32816","C00022","117","CC(=O)C(=O)O","1"
"caffeine","Caffeine","HMDB0001847","2519","27732","C07481","1455","CN1C=NC2=C1C(=O)N(C)C(=O)N2C","1"
"fructose","D-Fructose","HMDB0000660","439709","28645","C02336","135","OC[C@H]1O[C@](O)(CO)[C@@H](O)[C@@H]1O","1"
"adenine","Adenine","HMDB0000034","190","16708","C00147","85","NC1=C2NC=NC2=NC=N1","1"
"caprate (10:0)","Capric acid","HMDB0000511","2969","30813","C01571","336","CCCCCCCCCC(=O)O","1"
"margarate (17:0)","Heptadecanoic acid","HMDB0002259","10465","32365",NA,"6578","CCCCCCCCCCCCCCCCC(=O)O","1"
"nonadecanoate (19:0)","Nonadecanoic acid","HMDB0000772","12591","39246","C16535","5738","CCCCCCCCCCCCCCCCCCC(=O)O","1"
"arachidate (20:0)","Arachidic acid","HMDB0002212","10467","28822","C06425","401","CCCCCCCCCCCCCCCCCCCC(=O)O","1"
"maltose","Maltose","HMDB0037138","439341","18167","C00897",NA,"OC[C@H]1O[C@H](O[C@H]2[C@H](O)[C@@H](O)[C@@H](O)O[C@@H]2CO)[C@H](O)[C@@H](O)[C@@H]1O","1"
"asparagine","L-Asparagine","HMDB0000168","6267","17196","C00152","14","N[C@@H](CC(N)=O)C(O)=O","1"
"N-stearoyl-sphinganine (d18:0/18:0)","Cer(d18:0/18:0)","HMDB0011761","5283573","67033",NA,NA,"CCCCCCCCCCCCCCCCCC(=O)N[C@@H](CO)[C@@H](CCCCCCCCCCCCCCC)O","1"
"dihydroorotate","4,5-Dihydroorotic acid","HMDB0000528","648","30865","C00337","5513","OC(=O)C1CC(=O)NC(=O)N1","1"
"caproate (6:0)","Caproate (6:0)","HMDB0061883","8892","30776","C01585","5520","CCCCCC(O)=O","1"
"caprylate (8:0)","Caprylic acid","HMDB0000482","379","28837","C06423","5469","CCCCCCCC(=O)O","1"
"pentadecanoate (15:0)","Pentadecanoic acid","HMDB0000826","13849","42504","C16537","5789","CCCCCCCCCCCCCCC(=O)O","1"
"trans-4-hydroxyproline","4-Hydroxyproline","HMDB0000725","5810","18095","C01157","257","O[C@H]1CN[C@@H](C1)C(O)=O","1"
"allantoin","Allantoin","HMDB0000462","204","15676","C01551","89","NC(=O)NC1NC(=O)NC1=O","1"
"xanthine","Xanthine","HMDB0000292","1188","17712","C00385","82","O=C1NC2=C(NC=N2)C(=O)N1","1"
"5-oxoproline","Pyroglutamic acid","HMDB0000267","7405","18183","C01879","3251","OC(=O)[C@@H]1CCC(=O)N1","1"
"picolinate","Picolinic acid","HMDB0002243","1018","28747","C10164",NA,"OC(=O)C1=CC=CC=N1","1"
"sarcosine","Sarcosine","HMDB0000271","1088","15611","C00213","51","CNCC(O)=O","1"
"pantothenate","Pantothenic acid","HMDB0000210","6613","46905","C00864",NA,"CC(C)(CO)[C@@H](O)C(=O)NCCC(O)=O","1"
"pipecolate","Pipecolic acid","HMDB0000070","849","17964","C00408","50","OC(=O)C1CCCCN1","1"
"phosphoethanolamine","O-Phosphoethanolamine","HMDB0000224","1015","17553","C00346","5233","NCCOP(O)(O)=O","1"
"glycerate","Glyceric acid","HMDB0000139","439194","32398","C00258","280","OC[C@@H](O)C(O)=O","1"
"3-ureidopropionate","Ureidopropionic acid","HMDB0000026","111","18261","C02642","5097","NC(=O)NCCC(O)=O","1"
"N-acetylleucine","N-Acetylleucine","HMDB0011756","70912","17786","C02710",NA,"CC(C)C[C@H](NC(C)=O)C(O)=O","1"
"N-acetylmethionine","N-Acetylmethionine","HMDB0011745","6180","21557","C02712",NA,"CSCC[C@H](NC(C)=O)C(O)=O","1"
"N-acetylvaline","N-Acetylvaline","HMDB0011757","227752","21565",NA,NA,"CC(C)C(C(=O)O)NC(=O)C","1"
"erucate (22:1n9)","Erucic acid","HMDB0002068","5281116","28792","C08316","6470","CCCCCCCC/C=C\CCCCCCCCCCCC(=O)O","1"
"bilirubin (Z,Z)","Bilirubin","HMDB0000054","5280352","16990","C00486","81","CC1=C(C=C)\C(NC1=O)=C\C1=C(C)C(CCC(O)=O)=C(CC2=C(CCC(O)=O)C(C)=C(N2)\C=C2/NC(=O)C(C=C)=C2C)N1","1"
"thyroxine","Thyroxine","HMDB0000248","5819","18332","C01829","439","N[C@@H](CC1=CC(I)=C(OC2=CC(I)=C(O)C(I)=C2)C(I)=C1)C(O)=O","1"
"gamma-glutamyltyrosine","gamma-Glutamyltyrosine","HMDB0011741","94340","82969",NA,NA,"N[C@@H](CCC(=O)N[C@@H](CC1=CC=C(O)C=C1)C(O)=O)C(O)=O","1"
"methyl indole-3-acetate","Indole-3-methyl acetate","HMDB0029738","74706","72782",NA,NA,"COC(=O)CC1=CNC2=C1C=CC=C2","1"
"alpha-tocopherol","Alpha-Tocopherol","HMDB0001893","14985","18145","C02477","6376","CC1=C(C(=C2CC[C@@](OC2=C1C)(C)CCC[C@H](C)CCC[C@H](C)CCCC(C)C)C)O","1"
"N-acetylalanine","N-Acetyl-L-alanine","HMDB0000766","88064","40992",NA,"5733","C[C@H](NC(C)=O)C(O)=O","1"
"vanillylmandelate (VMA)","Vanillylmandelic acid","HMDB0000291","736172","1127735","C05584","697","COC1=C(O)C=CC(=C1)[C@H](O)C(O)=O","1"
"4-acetamidobutanoate","4-Acetamidobutanoic acid","HMDB0003681","18189","17645","C02946",NA,"CC(=O)NCCCC(O)=O","1"
"3-aminoisobutyrate","3-Aminoisobutanoic acid","HMDB0003911","64956","27389","C05145","5472","CC(CN)C(=O)O","1"
"citrate","Citric acid","HMDB0000094","311","30769","C00158","124","OC(=O)CC(O)(CC(O)=O)C(O)=O","1"
"2-aminobutyrate","L-Alpha-aminobutyric acid","HMDB0000452","80283","35619","C02356","12","CC[C@@H](C(=O)O)N","1"
"urate","Uric acid","HMDB0000289","1175","17775","C00366","88","O=C1NC2=C(N1)C(=O)NC(=O)N2","1"
"ursodeoxycholate","Ursodeoxycholic acid","HMDB0000946","31401","9907","C07880","5893","C[C@H](CCC(=O)O)[C@H]1CC[C@@H]2[C@@]1(CC[C@H]3[C@H]2[C@H](C[C@H]4[C@@]3(CC[C@H](C4)O)C)O)C","1"
"oleoyl ethanolamide","NA","NA","NA","NA","NA","NA","NA","0"
"gamma-glutamylglutamine","N2-gamma-Glutamylglutamine","HMDB0011738","150914","73707","C05283",NA,"N[C@@H](CCC(=O)N[C@@H](CCC(N)=O)C(O)=O)C(O)=O","1"
"4-hydroxyphenylpyruvate","4-Hydroxyphenylpyruvic acid","HMDB0000707","979","15999","C01179","5675","OC(=O)C(=O)CC1=CC=C(O)C=C1","1"
"butyrate/isobutyrate (4:0)","NA","NA","NA","NA","NA","NA","NA","0"
"N-acetylneuraminate","N-Acetylneuraminate",NA,"3568","17012","C00270",NA,NA,"1"
"creatine","Creatine","HMDB0000064","586","16919","C00300","7","CN(CC(O)=O)C(N)=N","1"
"cys-gly, oxidized","NA","NA","NA","NA","NA","NA","NA","0"
"dihomo-linoleate (20:2n6)","Dihomo-gamma-linolenoylcholine","HMDB0240646",NA,NA,NA,NA,"CCCCC\C=C/C\C=C/C\C=C/CCCCCCC(=O)OCC[N+](C)(C)C","1"
"gamma-glutamylhistidine","gamma-Glutamylhistidine","HMDB0029151","7017195","133032",NA,NA,"N[C@@H](CCC(=O)N[C@@H](CC1=CNC=N1)C(O)=O)C(O)=O","1"
"2-hydroxystearate","NA","NA","NA","NA","NA","NA","NA","0"
"N1-methyladenosine","1-Methyladenosine","HMDB0003331","27476","16020","C02494","6888","CN1C=NC2=C(N=CN2[C@@H]2O[C@H](CO)[C@@H](O)[C@H]2O)C1=N","1"
"glycerol","Glycerol","HMDB0000131","753","17754","C00116","105","OCC(O)CO","1"
"choline","Choline","HMDB0000097","305","15354","C00114","56","C[N+](C)(C)CCO","1"
"gamma-glutamylleucine","L-gamma-glutamyl-L-leucine","HMDB0011171","4524287","68433",NA,NA,"CC(C)C[C@H](NC(=O)CC[C@H](N)C(O)=O)C(O)=O","1"
"3-methoxytyrosine","3-Methoxytyrosine","HMDB0001434","1670",NA,NA,NA,"COC1=C(O)C=CC(CC(N)C(O)=O)=C1","1"
"beta-hydroxyisovalerate","3-Hydroxyisovaleric acid","HMDB0000754","69362","37084","C20827","5722","CC(C)(CC(=O)O)O","1"
"palmitoyl ethanolamide","Palmitoylethanolamide","HMDB0002100","4671","71464","C16512",NA,"CCCCCCCCCCCCCCCC(=O)NCCO","1"
"N-palmitoyl-sphingosine (d18:1/16:0)","NA","NA","NA","NA","NA","NA","NA","0"
"1-palmitoyl-2-oleoyl-GPE (16:0/18:1)","NA","NA","NA","NA","NA","NA","NA","0"
"1-palmitoyl-2-linoleoyl-GPI (16:0/18:2)","NA","NA","NA","NA","NA","NA","NA","0"
"1-palmitoyl-2-linoleoyl-GPC (16:0/18:2)","PC(16:0/18:2(9Z,12Z))","HMDB0007973","5287971",NA,"C00157",NA,"CCCCCCCCCCCCCCCC(=O)OC[C@H](COP(=O)([O-])OCC[N+](C)(C)C)OC(=O)CCCCCCC/C=C\C/C=C\CCCCC","1"
"stearoyl sphingomyelin (d18:1/18:0)","NA","NA","NA","NA","NA","NA","NA","0"
"1-palmitoyl-2-oleoyl-GPC (16:0/18:1)","NA","NA","NA","NA","NA","NA","NA","0"
"N-stearoyl-sphingosine (d18:1/18:0)","NA","NA","NA","NA","NA","NA","NA","0"
"glycochenodeoxycholate","Chenodeoxycholic acid glycine conjugate","HMDB0000637","22833540",NA,"C05466","5610","C[C@H](CCC(=O)NCC(=O)O)[C@H]1CCC2[C@@]1(CCC3C2[C@@H](C[C@H]4[C@@]3(CC[C@H](C4)O)C)O)C","1"
"taurochenodeoxycholate","Taurochenodesoxycholic acid","HMDB0000951","387316","16525","C05465","5897","C[C@H](CCC(=O)NCCS(=O)(=O)O)[C@H]1CC[C@@H]2[C@@]1(CC[C@H]3[C@H]2[C@@H](C[C@H]4[C@@]3(CC[C@H](C4)O)C)O)C","1"
"taurocholate","Taurocholic acid","HMDB0000036","6675","28865","C05122","5104","CC(CCC(=O)NCCS(=O)(=O)O)C1CCC2C1([C@H](CC3C2[C@@H](C[C@H]4C3(CC[C@H](C4)O)C)O)O)C","1"
"taurodeoxycholate","Taurodeoxycholic acid","HMDB0000896","2733768","9410","C05463","5853","C[C@H](CCC(=O)NCCS(=O)(=O)O)[C@H]1CC[C@@H]2[C@@]1([C@H](C[C@H]3[C@H]2CC[C@H]4[C@@]3(CC[C@H](C4)O)C)O)C","1"
"2-hydroxyhippurate (salicylurate)","NA","NA","NA","NA","NA","NA","NA","0"
"eicosapentaenoate (EPA; 20:5n3)","NA","NA","NA","NA","NA","NA","NA","0"
"methylsuccinate","Methylsuccinic acid","HMDB0001844","10349","29003","C08645","6344","CC(CC(=O)O)C(=O)O","1"
"ethylmalonate","Ethylmalonic acid","HMDB0000622","11756","741548",NA,"4180","CCC(C(=O)O)C(=O)O","1"
"carnitine","L-Carnitine","HMDB0000062","10917","16347","C00318","52","C[N+](C)(C)C[C@H](O)CC([O-])=O","1"
"benzoate","Benzoate","HMDB0013677","7424","39912","C00180",NA,"OC(=O)C1=CC(O)=CC(O)=C1","1"
"3-phenylpropionate (hydrocinnamate)","NA","NA","NA","NA","NA","NA","NA","0"
"hippurate","Hippuric acid","HMDB0000714","464","18089","C01586","1301","OC(=O)CNC(=O)C1=CC=CC=C1","1"
"xanthurenate","Xanthurenic acid","HMDB0000881","5699","10072","C02470","5841","OC(=O)C1=NC2=C(O)C=CC=C2C(O)=C1","1"
"3-methyl-2-oxovalerate","3-Methyl-2-oxovaleric acid","HMDB0000491","47","35932","C00671","5478","CCC(C)C(=O)C(O)=O","1"
"methionine sulfoxide","Methionine sulfoxide","HMDB0002005","158980","17016","C02989","6428","CS(=O)CC[C@H](N)C(O)=O","1"
"3-methylhistidine","3-Methylhistidine","HMDB0000479","64969","27596","C01152","5466","[H][C@](N)(CC1=CN=CN1C)C(O)=O","1"
"5-hydroxylysine","procollagen 5-hydroxy-L-lysine","HMDB0000450","4433","18040","C16741","5439","NC[C@H](O)CC[C@H](N)C(O)=O","1"
"4-guanidinobutanoate","4-Guanidinobutanoic acid","HMDB0003464","500","15728","C01035","6938","NC(=N)NCCCC(O)=O","1"
"glucuronate","Glucuronic acid","HMDB0000127","94715","42717","C00191","161","O[C@H]1O[C@@H]([C@@H](O)[C@H](O)[C@H]1O)C(O)=O","1"
"imidazole lactate","Imidazole lactate","METPA0616",NA,"24773","C05568",NA,NA,"1"
"kynurenine","L-Kynurenine","HMDB0000684","161166","16946","C00328","72","N[C@@H](CC(=O)C1=CC=CC=C1N)C(O)=O","1"
"glycerophosphorylcholine (GPC)","NA","NA","NA","NA","NA","NA","NA","0"
"maltotriose","Maltotriose","HMDB0001262","439586","140999","C01835","3585","OC[C@H]1O[C@H](O[C@H]2[C@H](O)[C@@H](O)[C@@H](O[C@H]3[C@H](O)[C@@H](O)C(O)O[C@@H]3CO)O[C@@H]2CO)[C@H](O)[C@@H](O)[C@@H]1O","1"
"N-acetylglutamate","N-Acetylglutamic acid","HMDB0001138","70914","17533","C00624","6031","CC(=O)N[C@@H](CCC(O)=O)C(O)=O","1"
"ribitol","Ribitol","HMDB0000508",NA,"15963","C00474","316","OC[C@H](O)[C@H](O)[C@H](O)CO","1"
"glycodeoxycholate","Deoxycholic acid glycine conjugate","HMDB0000631","3035026","27471","C05464","5604","C[C@H](CCC(=O)NCC(=O)O)[C@H]1CCC2[C@@]1([C@H](CC3C2CC[C@H]4[C@@]3(CC[C@H](C4)O)C)O)C","1"
"theophylline","Theophylline","HMDB0001889","2153","28177","C07130","1458","CN1C2=C(NC=N2)C(=O)N(C)C1=O","1"
"quinate","Quinic acid","HMDB0003072","6508","17521","C00296","3329","O[C@@H]1C[C@@](O)(C[C@@H](O)[C@H]1O)C(O)=O","1"
"theobromine","Theobromine","HMDB0002825","5429","28946","C07480","1456","CN1C=NC2=C1C(O)=NC(=O)N2C","1"
"indolelactate","Indolelactic acid","HMDB0000671","676157","24813","C02043","5641","O[C@@H](CC1=CNC2=C1C=CC=C2)C(O)=O","1"
"3-indoxyl sulfate","Indoxyl sulfate","HMDB0000682","10258","43355",NA,"524","OS(=O)(=O)OC1=CNC2=CC=CC=C12","1"
"gamma-glutamylphenylalanine","gamma-Glutamylphenylalanine","HMDB0000594","111299","89582",NA,"5573","N[C@@H](CCC(=O)N[C@@H](CC1=CC=CC=C1)C(O)=O)C(O)=O","1"
"4-methyl-2-oxopentanoate","Ketoleucine","HMDB0000695","70","48430","C00233","5663","CC(C)CC(=O)C(O)=O","1"
"1,5-anhydroglucitol (1,5-AG)","NA","NA","NA","NA","NA","NA","NA","0"
"1-palmityl-GPC (O-16:0)","NA","NA","NA","NA","NA","NA","NA","0"
"1-stearoyl-2-arachidonoyl-GPI (18:0/20:4)","NA","NA","NA","NA","NA","NA","NA","0"
"sphingosine 1-phosphate","Sphingosine 1-phosphate","HMDB0000277","5353956","392583","C06124","5272","CCCCCCCCCCCCC/C=C/C(C(COP(=O)(O)O)N)O","1"
"1-stearoyl-2-oleoyl-GPS (18:0/18:1)","NA","NA","NA","NA","NA","NA","NA","0"
"1-stearoyl-GPI (18:0)","NA","NA","NA","NA","NA","NA","NA","0"
"1,2-dipalmitoyl-GPC (16:0/16:0)","NA","NA","NA","NA","NA","NA","NA","0"
"docosahexaenoate (DHA; 22:6n3)","NA","NA","NA","NA","NA","NA","NA","0"
"1-myristoyl-2-palmitoyl-GPC (14:0/16:0)","NA","NA","NA","NA","NA","NA","NA","0"
"alpha-hydroxyisocaproate","D-Leucic acid","HMDB0000624","439960","55534","C03264","5597","CC(C)C[C@H](C(=O)O)O","1"
"maleate","Maleic acid","HMDB0000176","444266","18300","C01384","4198","OC(=O)\C=C/C(O)=O","1"
"2-hydroxyoctanoate","Hydroxyoctanoic acid","HMDB0000711","94180","86543",NA,"5679","CCCCCCC(C(=O)O)O","1"
"3-hydroxyoctanoate","3-Hydroxyoctanoic acid","HMDB0001954","26613","37098",NA,NA,"CCCCCC(O)CC(=O)O","1"
"phenyllactate (PLA)","NA","NA","NA","NA","NA","NA","NA","0"
"palmitoylcarnitine (C16)","NA","NA","NA","NA","NA","NA","NA","0"
"hexanoylcarnitine (C6)","NA","NA","NA","NA","NA","NA","NA","0"
"N-acetylaspartate (NAA)","NA","NA","NA","NA","NA","NA","NA","0"
"dehydroepiandrosterone sulfate (DHEA-S)","NA","NA","NA","NA","NA","NA","NA","0"
"acetylcarnitine (C2)","NA","NA","NA","NA","NA","NA","NA","0"
"cysteine s-sulfate","NA","NA","NA","NA","NA","NA","NA","0"
"1-palmitoylglycerol (16:0)","NA","NA","NA","NA","NA","NA","NA","0"
"tartronate (hydroxymalonate)","NA","NA","NA","NA","NA","NA","NA","0"
"oxalate (ethanedioate)","NA","NA","NA","NA","NA","NA","NA","0"
"erythritol","Erythritol","HMDB0002994","222285","17113","C00503","140","OC[C@H](O)[C@H](O)CO","1"
"3-hydroxymyristate","3-Hydroxymyristate","HMDB0094672","16064","85148",NA,NA,"CCCCCCCCCCCC(O)CC(O)=O","1"
"iminodiacetate (IDA)","NA","NA","NA","NA","NA","NA","NA","0"
"1-oleoylglycerol (18:1)","NA","NA","NA","NA","NA","NA","NA","0"
"3-methyl-2-oxobutyrate","Alpha-ketoisovaleric acid","HMDB0000019","49","16530","C00141","5091","CC(C)C(=O)C(=O)O","1"
"homoarginine","Homo-L-arginine","HMDB0000670","9085","27747","C01924","5640","N[C@@H](CCCCNC(N)=N)C(O)=O","1"
"homocitrulline","Homocitrulline","HMDB0000679","65072","17443","C02427","46","N[C@@H](CCCCNC(N)=O)C(O)=O","1"
"3-hydroxydecanoate","3-Hydroxycapric acid","HMDB0002203","26612","132983",NA,"6544","CCCCCCCC(O)CC(=O)O","1"
"EDTA","Edetic Acid","HMDB0015109","6049","42191","C00284",NA,"C(CN(CC(=O)O)CC(=O)O)N(CC(=O)O)CC(=O)O","1"
"N-acetylglycine","Acetylglycine","HMDB0000532","10972","40410",NA,"5517","CC(=O)NCC(O)=O","1"
"ribonate","Ribonic acid","HMDB0000867","5460677","21077","C01685","3290","OC[C@@H](O)[C@@H](O)[C@@H](O)C(O)=O","1"
"threonate","Threonic acid","HMDB0000943","151152","49059","C01620","5891","C([C@H]([C@@H](C(=O)O)O)O)O","1"
"indoleacetate","Indoleacetic acid","HMDB0000197","802","16411","C00954","5211","OC(=O)CC1=CNC2=C1C=CC=C2","1"
"1-linoleoylglycerol (18:2)","NA","NA","NA","NA","NA","NA","NA","0"
"1-methylhistidine","1-Methylhistidine","HMDB0000001","92105","50599","C01152","3741","CN1C=NC(C[C@H](N)C(O)=O)=C1","1"
"butyrylcarnitine (C4)","NA","NA","NA","NA","NA","NA","NA","0"
"isobutyrylcarnitine (C4)","NA","NA","NA","NA","NA","NA","NA","0"
"androsterone sulfate","Androsterone sulfate","HMDB0002759","159663","83037",NA,"3559","C[C@]12CC[C@H](C[C@@H]1CC[C@@H]3[C@@H]2CC[C@]4([C@H]3CCC4=O)C)OS(=O)(=O)O","1"
"indolepropionate","Indole-3-propionic acid","HMDB0002302","3744","43580",NA,"6602","OC(=O)CCC1=CNC2=C1C=CC=C2","1"
"trigonelline (N'-methylnicotinate)","NA","NA","NA","NA","NA","NA","NA","0"
"dodecanedioate (C12-DC)","NA","NA","NA","NA","NA","NA","NA","0"
"N-acetyltyrosine","N-Acetyl-L-tyrosine","HMDB0000866","68310","21563","C01657",NA,"CC(=O)N[C@@H](CC1=CC=C(O)C=C1)C(O)=O","1"
"3-methylxanthine","3-Methylxanthine","HMDB0001886","70639","62207","C16357","2820","CN1C2=C(NC=N2)C(=O)NC1=O","1"
"3-hydroxylaurate","beta-hydroxylauric acid","HMDB0000387","94216","36206",NA,"5376","CCCCCCCCCC(O)CC(=O)O","1"
"pyridoxate","4-Pyridoxic acid","HMDB0000017","6723","17405","C00847","239","CC1=NC=C(CO)C(C(O)=O)=C1O","1"
"gamma-glutamylvaline","L-gamma-glutamyl-L-valine","HMDB0011172","7015683","68848",NA,NA,"CC(C)[C@H](NC(=O)CC[C@H](N)C(O)=O)C(O)=O","1"
"pyroglutamylvaline","PyroGlu-Val","HMDB0094651","152416","132991",NA,NA,"CC(C)[C@H](NC(=O)[C@@H]1CCC(=O)N1)C(O)=O","1"
"3-hydroxysebacate","3-Hydroxysebacic acid","HMDB0000350","3017884","89182",NA,"5339","O=C(O)CCCCCCC(O)CC(=O)O","1"
"propionylglycine","Propionylglycine","HMDB0000783","98681","89836",NA,"5749","CCC(=O)NCC(O)=O","1"
"propionylcarnitine (C3)","NA","NA","NA","NA","NA","NA","NA","0"
"pro-hydroxy-pro","NA","NA","NA","NA","NA","NA","NA","0"
"3-hydroxy-2-ethylpropionate","2-Ethylhydracrylic acid","HMDB0000396","188979","741550",NA,"3785","CCC(CO)C(=O)O","1"
"3-carboxy-4-methyl-5-propyl-2-furanpropanoate (CMPF)","NA","NA","NA","NA","NA","NA","NA","0"
"docosapentaenoate (n3 DPA; 22:5n3)","NA","NA","NA","NA","NA","NA","NA","0"
"docosadienoate (22:2n6)","Docosadienoate (22:2n6)","HMDB0061714","5312554","75117","C16533",NA,"CCCCC\C=C/C\C=C/CCCCCCCCCCCC(O)=O","1"
"adrenate (22:4n6)","NA","NA","NA","NA","NA","NA","NA","0"
"10-undecenoate (11:1n1)","NA","NA","NA","NA","NA","NA","NA","0"
"myristoleate (14:1n5)","NA","NA","NA","NA","NA","NA","NA","0"
"1-methyl-4-imidazoleacetate","Methylimidazoleacetic acid","HMDB0002820","75810","1606","C05828","3774","CN1C=C(N=C1)CC(=O)O","1"
"sebacate (C10-DC)","NA","NA","NA","NA","NA","NA","NA","0"
"stearidonate (18:4n3)","NA","NA","NA","NA","NA","NA","NA","0"
"5-dodecenoate (12:1n7)","NA","NA","NA","NA","NA","NA","NA","0"
"octanoylcarnitine (C8)","NA","NA","NA","NA","NA","NA","NA","0"
"decanoylcarnitine (C10)","NA","NA","NA","NA","NA","NA","NA","0"
"N-acetylglutamine","N-Acetylglutamine","HMDB0006029","182230","21553",NA,NA,"CC(=O)N[C@@H](CCC(N)=O)C(O)=O","1"
"N-acetyltryptophan","N-acetyltryptophan","HMDB0013713","700653","74640",NA,NA,"CC(=O)N[C@@H](CC1=CNC2=C1C=CC=C2)C(O)=O","1"
"N-acetylphenylalanine","N-Acetyl-L-phenylalanine","HMDB0000512","74839","16259","C03519","5498","CC(=O)N[C@@H](CC1=CC=CC=C1)C(O)=O","1"
"1-palmitoyl-GPC (16:0)","LysoPC(16:0)","HMDB0010382","460602","72998","C04230",NA,"CCCCCCCCCCCCCCCC(=O)OC[C@H](COP(=O)([O-])OCC[N+](C)(C)C)O","1"
"1-margaroyl-GPC (17:0)","NA","NA","NA","NA","NA","NA","NA","0"
"N-acetylarginine","NA","NA","NA","NA","NA","NA","NA","0"
"piperine","Piperine","HMDB0029377","638024","28821","C03882",NA,"O=C(\C=C\C=C\C1=CC2=C(OCO2)C=C1)N1CCCCC1","1"
"myristoylcarnitine (C14)","NA","NA","NA","NA","NA","NA","NA","0"
"1-stearoyl-GPC (18:0)","NA","NA","NA","NA","NA","NA","NA","0"
"1-oleoyl-GPC (18:1)","NA","NA","NA","NA","NA","NA","NA","0"
"N-acetylthreonine","N-Acetylthreonine","HMDB0062557","152204","45826",NA,NA,"C[C@@H](O)[C@H](NC(C)=O)C(O)=O","1"
"N-acetylisoleucine","N-Acetylisoleucine","HMDB0061684","7036275","21555",NA,NA,"CC[C@H](C)[C@H](NC(C)=O)C(O)=O","1"
"10-nonadecenoate (19:1n9)","NA","NA","NA","NA","NA","NA","NA","0"
"10-heptadecenoate (17:1n7)","NA","NA","NA","NA","NA","NA","NA","0"
"epiandrosterone sulfate","Epiandrosterone sulfate","HMDB0062657","9929317","83040",NA,NA,"[H][C@@]12CCC(=O)[C@@]1(C)CC[C@@]1([H])[C@@]2([H])CC[C@@]2([H])C[C@H](CC[C@]12C)OS(O)(=O)=O","1"
"N-acetylhistidine","N-Acetylhistidine","HMDB0032055","75619","16437","C02997",NA,"CC(=O)N[C@@H](CC1=CNC=N1)C(O)=O","1"
"gamma-glutamylglycine","gamma-Glutamylglycine","HMDB0011667","165527","73845",NA,NA,"N[C@@H](CCC(=O)NCC(O)=O)C(O)=O","1"
"gamma-glutamyltryptophan","gamma-Glutamyltryptophan","HMDB0029160","3038501","133028",NA,NA,"N[C@@H](CCC(=O)N[C@@H](CC1=CNC2=CC=CC=C12)C(O)=O)C(O)=O","1"
"stachydrine","Stachydrine","HMDB0004827","7016563","35280","C10172","7089","C[N+]1(CCC[C@H]1C(=O)[O-])C","1"
"alpha-hydroxyisovalerate","2-Hydroxy-3-methylbutyric acid","HMDB0000407","99823","60645",NA,"5396","CC(C)C(C(=O)O)O","1"
"gamma-glutamylmethionine","N-gamma-Glutamylmethionine","HMDB0034367","7009567","82965",NA,NA,"CSCC[C@H](NC(=O)CC[C@H](N)C(O)=O)C(O)=O","1"
"gamma-glutamylthreonine","gamma-Glutamylthreonine","HMDB0029159","53861142","133747",NA,NA,"C[C@@H](O)[C@H](NC(=O)CC[C@H](N)C(O)=O)C(O)=O","1"
"p-cresol sulfate","p-Cresol sulfate","HMDB0011635","4615423","82914",NA,NA,"CC1=CC=C(OS(O)(=O)=O)C=C1","1"
"erythronate","Erythronic acid","HMDB0000613","2781043","37655",NA,"5586","OC[C@@H](O)[C@@H](O)C(O)=O","1"
"eicosenoate (20:1)","NA","NA","NA","NA","NA","NA","NA","0"
"linolenate [alpha or gamma; (18:3n3 or 6)","NA","NA","NA","NA","NA","NA","NA","0"
"aconitate [cis or trans","NA","NA","NA","NA","NA","NA","NA","0"
"1-myristoyl-GPC (14:0)","NA","NA","NA","NA","NA","NA","NA","0"
"1-arachidoyl-GPC (20:0)","NA","NA","NA","NA","NA","NA","NA","0"
"stearoylcarnitine (C18)","NA","NA","NA","NA","NA","NA","NA","0"
"laurylcarnitine (C12)","NA","NA","NA","NA","NA","NA","NA","0"
"isovalerylcarnitine (C5)","NA","NA","NA","NA","NA","NA","NA","0"
"1-linoleoyl-GPC (18:2)","NA","NA","NA","NA","NA","NA","NA","0"
"1,7-dimethylurate","NA","NA","NA","NA","NA","NA","NA","0"
"N1-methylinosine","1-Methylinosine","HMDB0002721","65095","19065",NA,"3780","CN1C=NC2=C(N=CN2[C@@H]2O[C@H](CO)[C@@H](O)[C@H]2O)C1=O","1"
"N2,N2-dimethylguanosine","N2,N2-Dimethylguanosine","HMDB0004824","92919","19289",NA,"7086","CN(C)C1=NC(=O)C2=C(N1)N(C=N2)[C@@H]1O[C@H](CO)[C@@H](O)[C@H]1O","1"
"N4-acetylcytidine","N4-Acetylcytidine","HMDB0005923","107461","70989",NA,NA,"CC(=O)NC1=NC(=O)N(C=C1)[C@@H]1O[C@H](CO)[C@@H](O)[C@H]1O","1"
"N6-carbamoylthreonyladenosine","N6-Carbamoyl-L-threonyladenosine","HMDB0041623","92021849",NA,NA,NA,"C[C@@H](O)[C@H](NC(N)=O)C(=O)NC1=C2N=CN([C@@H]3O[C@H](CO)[C@@H](O)[C@H]3O)C2=NC=N1","1"
"orotidine","Orotidine","HMDB0000788","92751","25722","C01103","5754","OC[C@H]1O[C@H]([C@H](O)[C@@H]1O)N1C(=O)NC(=O)C=C1C(O)=O","1"
"phenylacetylglutamine","Phenylacetylglutamine","HMDB0006344","92258","17884","C04148",NA,"NC(=O)CC[C@H](NC(=O)CC1=CC=CC=C1)C(O)=O","1"
"4-hydroxyhippurate","4-Hydroxyhippuric acid","HMDB0013678","151012","71018",NA,NA,"OC(=O)CNC(=O)C1=CC=C(O)C=C1","1"
"5,6-dihydrouridine","5,6-Dihydrouridine","HMDB0000497","94312","23774",NA,"5483","OC[C@H]1O[C@H]([C@H](O)[C@@H]1O)N1CCC(=O)NC1=O","1"
"3-(3-amino-3-carboxypropyl)uridine","NA","NA","NA","NA","NA","NA","NA","0"
"1-arachidonylglycerol (20:4)","NA","NA","NA","NA","NA","NA","NA","0"
"cysteine-glutathione disulfide","Cysteineglutathione disulfide","HMDB0000656","53477713","143243",NA,"5628","C(CC(=O)N[C@@H](CSSCC(C(=O)O)N)C(=O)NCC(=O)O)[C@@H](C(=O)O)N","1"
"5-methyluridine (ribothymidine)","NA","NA","NA","NA","NA","NA","NA","0"
"isovalerylglycine","Isovalerylglycine","HMDB0000678","546304","70984",NA,"5647","CC(C)CC(=O)NCC(O)=O","1"
"7-methylguanine","7-Methylguanine","HMDB0000897","11361","28664","C02242",NA,"CN1C=NC2=C1C(=O)N=C(N)N2","1"
"1-stearoyl-GPE (18:0)","NA","NA","NA","NA","NA","NA","NA","0"
"N1-Methyl-2-pyridone-5-carboxamide","N1-Methyl-2-pyridone-5-carboxamide","HMDB0004193","69698","27410","C05842","7025","CN1C=C(C=CC1=O)C(N)=O","1"
"gamma-glutamylisoleucine","L-gamma-glutamyl-L-isoleucine","HMDB0011170","22885096","68434",NA,NA,"CC[C@H](C)[C@H](NC(=O)CC[C@H](N)C(O)=O)C(O)=O","1"
"oleoylcarnitine (C18:1)","NA","NA","NA","NA","NA","NA","NA","0"
"2-methylbutyrylcarnitine (C5)","NA","NA","NA","NA","NA","NA","NA","0"
"phenol sulfate","Phenyl hydrogen sulfate","HMDB0060015","74426","27905","C02180",NA,"OS(=O)(=O)OC1=CC=CC=C1","1"
"1-palmitoleoyl-GPC (16:1)","NA","NA","NA","NA","NA","NA","NA","0"
"glutamine_degradant","NA","NA","NA","NA","NA","NA","NA","0"
"2-hydroxy-3-methylvalerate","2-Hydroxy-3-methylpentanoic acid","HMDB0000317","10796774","89228",NA,"5306","CC[C@@H](C)[C@H](C(=O)O)O","1"
"homostachydrine","Stachydrine","HMDB0004827","7016563","35280","C10172","7089","C[N+]1(CCC[C@H]1C(=O)[O-])C","1"
"1-arachidonoyl-GPC (20:4n6)","NA","NA","NA","NA","NA","NA","NA","0"
"1-dihomo-linolenoyl-GPC (20:3n3 or 6)","NA","NA","NA","NA","NA","NA","NA","0"
"1-dihomo-linoleoyl-GPC (20:2)","LysoPC(20:2(11Z,14Z))","HMDB0010392","52924053","83055","C04230",NA,"CCCCC/C=C\C/C=C\CCCCCCCCCC(=O)OC[C@H](COP(=O)([O-])OCC[N+](C)(C)C)O","1"
"2-arachidonoyl-GPC (20:4)","NA","NA","NA","NA","NA","NA","NA","0"
"2-oleoyl-GPC (18:1)","NA","NA","NA","NA","NA","NA","NA","0"
"2-linoleoyl-GPC (18:2)","NA","NA","NA","NA","NA","NA","NA","0"
"2-palmitoyl-GPC (16:0)","NA","NA","NA","NA","NA","NA","NA","0"
"2-myristoyl-GPC (14:0)","NA","NA","NA","NA","NA","NA","NA","0"
"1-docosahexaenoyl-GPC (22:6)","NA","NA","NA","NA","NA","NA","NA","0"
"1-palmitoyl-GPE (16:0)","LysoPE(16:0/0:0)","HMDB0011503","9547069","73004",NA,NA,"CCCCCCCCCCCCCCCC(=O)OC[C@H](COP(=O)(O)OCCN)O","1"
"1-oleoyl-GPE (18:1)","NA","NA","NA","NA","NA","NA","NA","0"
"1-linoleoyl-GPE (18:2)","NA","NA","NA","NA","NA","NA","NA","0"
"1-arachidonoyl-GPE (20:4n6)","NA","NA","NA","NA","NA","NA","NA","0"
"N-acetylcitrulline","N-Acetylcitrulline",NA,"656979",NA,NA,NA,NA,"1"
"2-hydroxypalmitate","NA","NA","NA","NA","NA","NA","NA","0"
"docosapentaenoate (n6 DPA; 22:5n6)","NA","NA","NA","NA","NA","NA","NA","0"
"gulonate","Gulonic acid","HMDB0003290","152304","87753","C00800","344","OC[C@@H](O)[C@H](O)[C@@H](O)[C@@H](O)C(O)=O","1"
"isobutyrylglycine","Isobutyrylglycine","HMDB0000730","10855600","70979",NA,"5698","CC(C)C(=O)NCC(O)=O","1"
"glutarylcarnitine (C5-DC)","NA","NA","NA","NA","NA","NA","NA","0"
"tiglylcarnitine (C5:1-DC)","NA","NA","NA","NA","NA","NA","NA","0"
"hydroquinone sulfate","NA","NA","NA","NA","NA","NA","NA","0"
"catechol sulfate","NA","NA","NA","NA","NA","NA","NA","0"
"7-alpha-hydroxy-3-oxo-4-cholestenoate (7-Hoca)","NA","NA","NA","NA","NA","NA","NA","0"
"tetradecanedioate (C14-DC)","NA","NA","NA","NA","NA","NA","NA","0"
"hexadecanedioate (C16-DC)","NA","NA","NA","NA","NA","NA","NA","0"
"glycerophosphoethanolamine","Glycerylphosphorylethanolamine","HMDB0000114","123874","52330","C01233","5151","NCCOP(O)(=O)OCC(O)CO","1"
"ectoine","Ectoine","METPA0797",NA,"27592","C06231",NA,NA,"1"
"2-oleoyl-GPE (18:1)","NA","NA","NA","NA","NA","NA","NA","0"
"2-palmitoyl-GPE (16:0)","NA","NA","NA","NA","NA","NA","NA","0"
"1-arachidonoyl-GPI (20:4)","NA","NA","NA","NA","NA","NA","NA","0"
"1-palmitoyl-GPI (16:0)","NA","NA","NA","NA","NA","NA","NA","0"
"glycolithocholate sulfate","Sulfolithocholylglycine","HMDB0002639","53477756",NA,"C11301","6725","C[C@H](CCC(=O)NCC(=O)O)C1CCC2[C@@]1(CCC3C2CCC4[C@@]3(CC[C@@H](C4)OS(=O)(=O)O)C)C","1"
"taurolithocholate 3-sulfate","Taurolithocholic acid 3-sulfate","HMDB0002580","440071","17864","C03642","6716","C[C@H](CCC(=O)NCCS(=O)(=O)O)[C@H]1CC[C@@H]2[C@@]1(CC[C@H]3[C@H]2CC[C@H]4[C@@]3(CC[C@H](C4)OS(=O)(=O)O)C)C","1"
"deoxycarnitine","4-Trimethylammoniobutanoic acid","HMDB0001161","134","1941","C01181","6043","C[N+](C)(C)CCCC(=O)O","1"
"1-ribosyl-imidazoleacetate","NA","NA","NA","NA","NA","NA","NA","0"
"2-arachidonoyl-GPE (20:4)","NA","NA","NA","NA","NA","NA","NA","0"
"hexanoylglutamine","NA","NA","NA","NA","NA","NA","NA","0"
"N6-acetyllysine","N6-Acetyl-L-lysine","HMDB0000206","92832","17752","C02727","5216","CC(=O)NCCCC[C@H](N)C(O)=O","1"
"dihomo-linolenate (20:3n3 or n6)","NA","NA","NA","NA","NA","NA","NA","0"
"mannitol/sorbitol","NA","NA","NA","NA","NA","NA","NA","0"
"tryptophan betaine","Lenticin","HMDB0061115","442106","5832","C09213",NA,"C[N+](C)(C)[C@@H](CC1=CNC2=CC=CC=C12)C([O-])=O","1"
"4-vinylphenol sulfate","4-Vinylphenol sulfate","HMDB0062775","6426766","82931",NA,NA,"OS(=O)(=O)OC1=CC=C(C=C)C=C1","1"
"4-ethylphenylsulfate","4-ethylphenylsulfate","HMDB0062551","20822574","82932",NA,NA,"CCC1=CC=C(OS(O)(=O)=O)C=C1","1"
"thymol sulfate","Thymol Sulfate","HMDB0062720","12456386","82911",NA,NA,"CC(C)C1=C(OS(O)(=O)=O)C=C(C)C=C1","1"
"2-linoleoyl-GPE (18:2)","NA","NA","NA","NA","NA","NA","NA","0"
"1-oleoyl-GPI (18:1)","NA","NA","NA","NA","NA","NA","NA","0"
"1-linoleoyl-GPI (18:2)","LysoPI(18:2(9Z,12Z)/0:0)","HMDB0240597",NA,"133077",NA,NA,"CCCCC\C=C/C\C=C/CCCCCCCC(=O)OC[C@@H](O)COP(O)(=O)O[C@H]1[C@H](O)[C@@H](O)[C@H](O)[C@@H](O)[C@H]1O","1"
"dimethylarginine (SDMA + ADMA)","NA","NA","NA","NA","NA","NA","NA","0"
"N-acetylserine","N-Acetylserine","HMDB0002931","65249","45441",NA,"308","CC(=O)N[C@@H](CO)C(O)=O","1"
"1-stearoyl-2-oleoyl-GPE (18:0/18:1)","PE(18:0/18:1(9Z))","HMDB0008993","9546742",NA,"C00350",NA,"CCCCCCCCCCCCCCCCCC(=O)OC[C@H](COP(=O)(O)OCCN)OC(=O)CCCCCCC/C=C\CCCCCCCC","1"
"4-allylphenol sulfate","4-Allylphenol sulfate","HMDB0170765","66633409","133096",NA,NA,"OS(=O)(=O)OC1=CC=C(CC=C)C=C1","1"
"1-stearoyl-2-arachidonoyl-GPC (18:0/20:4)","NA","NA","NA","NA","NA","NA","NA","0"
"1-palmitoyl-2-linoleoyl-GPE (16:0/18:2)","PE(16:0/18:2(9Z,12Z))","HMDB0008928","9546747",NA,"C00350",NA,"CCCCCCCCCCCCCCCC(=O)OC[C@H](COP(=O)(O)OCCN)OC(=O)CCCCCCC/C=C\C/C=C\CCCCC","1"
"sphinganine-1-phosphate","NA","NA","NA","NA","NA","NA","NA","0"
"glycosyl-N-stearoyl-sphingosine (d18:1/18:0)","NA","NA","NA","NA","NA","NA","NA","0"
"succinylcarnitine (C4-DC)","NA","NA","NA","NA","NA","NA","NA","0"
"bilirubin (E,E)","NA","NA","NA","NA","NA","NA","NA","0"
"bilirubin (E,Z or Z,E)","NA","NA","NA","NA","NA","NA","NA","0"
"N-methylproline","N-Methyl-proline","HMDB0094696","643474","90344",NA,NA,"CN1CCC[C@H]1C(O)=O","1"
"beta-cryptoxanthin","beta-Cryptoxanthin","HMDB0033844","6384256","10362","C08591",NA,"CC1=C(C(CCC1)(C)C)/C=C/C(=C/C=C/C(=C/C=C/C=C(\C)/C=C/C=C(\C)/C=C/C2=C(CC(CC2(C)C)O)C)/C)/C","1"
"5alpha-androstan-3beta,17beta-diol disulfate","NA","NA","NA","NA","NA","NA","NA","0"
"5alpha-pregnan-3beta,20alpha-diol disulfate","5alpha-pregnan-3beta,20alpha-diol disulfate","HMDB0094650","5748360","133119",NA,NA,"[H][C@@]1(CC[C@@]2([H])[C@]3([H])CC[C@@]4([H])C[C@H](CC[C@]4(C)[C@@]3([H])CC[C@]12C)OS(O)(=O)=O)[C@H](C)OS(O)(=O)=O","1"
"glycocholenate sulfate","Glycocholenate sulfate",NA,"145453482",NA,NA,NA,NA,"1"
"taurocholenate sulfate","Taurocholenate sulfate",NA,"145453483",NA,NA,NA,NA,"1"
"androstenediol (3beta,17beta) disulfate (1)","NA","NA","NA","NA","NA","NA","NA","0"
"pregnenediol disulfate (C21H34O8S2)","NA","NA","NA","NA","NA","NA","NA","0"
"androstenediol (3beta,17beta) disulfate (2)","NA","NA","NA","NA","NA","NA","NA","0"
"21-hydroxypregnenolone disulfate","NA","NA","NA","NA","NA","NA","NA","0"
"5alpha-pregnan-3beta,20beta-diol monosulfate (1)","NA","NA","NA","NA","NA","NA","NA","0"
"5alpha-pregnan-3beta,20alpha-diol monosulfate (2)","NA","NA","NA","NA","NA","NA","NA","0"
"5alpha-androstan-3alpha,17beta-diol monosulfate (1)","NA","NA","NA","NA","NA","NA","NA","0"
"androstenediol (3alpha, 17alpha) monosulfate (2)","NA","NA","NA","NA","NA","NA","NA","0"
"androstenediol (3alpha, 17alpha) monosulfate (3)","NA","NA","NA","NA","NA","NA","NA","0"
"androstenediol (3beta,17beta) monosulfate (1)","NA","NA","NA","NA","NA","NA","NA","0"
"androstenediol (3beta,17beta) monosulfate (2)","NA","NA","NA","NA","NA","NA","NA","0"
"1-docosahexaenoyl-GPE (22:6)","NA","NA","NA","NA","NA","NA","NA","0"
"1-docosapentaenoyl-GPC (22:5n3)","NA","NA","NA","NA","NA","NA","NA","0"
"pregnenediol sulfate (C21H34O5S)","NA","NA","NA","NA","NA","NA","NA","0"
"2-hydroxyglutarate","2-Hydroxyglutarate","HMDB0059655","43","17084","C02630",NA,"OC(CCC(O)=O)C(O)=O","1"
"gamma-CEHC","gamma-CEHC","HMDB0001931","15887183",NA,NA,NA,"CC1=C(O)C=C2CCC(C)(CCC(O)=O)OC2=C1C","1"
"N-acetyl-beta-alanine","N-Acetyl-beta-alanine","HMDB0061880","76406","16682","C01073",NA,"CC(=O)NCCC(O)=O","1"
"sphingomyelin (d18:1/18:1, d18:2/18:0)","NA","NA","NA","NA","NA","NA","NA","0"
"palmitoyl sphingomyelin (d18:1/16:0)","NA","NA","NA","NA","NA","NA","NA","0"
"3-hydroxyhippurate","3-Hydroxyhippuric acid","HMDB0006116","450268","70824",NA,NA,"OC(=O)CNC(=O)C1=CC=CC(O)=C1","1"
"16a-hydroxy DHEA 3-sulfate","16a-hydroxy DHEA 3-sulfate","HMDB0062544","20848951","87774",NA,NA,"[H][C@@]12C[C@@H](O)C(=O)[C@@]1(C)CC[C@@]1([H])[C@@]2([H])CC=C2C[C@H](CC[C@]12C)OS(O)(=O)=O","1"
"pregnenolone sulfate","Pregnenolone sulfate","HMDB0000774","20845972",NA,NA,"5740","CC(=O)[C@H]1CC[C@@H]2[C@@]1(CC[C@H]3[C@H]2CC=C4[C@@]3(CCC(C4)OS(=O)(=O)O)C)C","1"
"andro steroid monosulfate C19H28O6S (1)","NA","NA","NA","NA","NA","NA","NA","0"
"ergothioneine","Ergothioneine","HMDB0003045","5351619","4828","C05570","53","C[N+](C)(C)[C@@H](CC1=CNC(=S)N1)C([O-])=O","1"
"1-margaroyl-GPE (17:0)","NA","NA","NA","NA","NA","NA","NA","0"
"1-pentadecanoyl-GPC (15:0)","NA","NA","NA","NA","NA","NA","NA","0"
"13-HODE + 9-HODE","NA","NA","NA","NA","NA","NA","NA","0"
"tridecenedioate (C13:1-DC)","NA","NA","NA","NA","NA","NA","NA","0"
"4-cholesten-3-one","Cholestenone","HMDB0000921","91477","16175","C00599","3898","C[C@H](CCCC(C)C)[C@H]1CC[C@@H]2[C@@]1(CC[C@H]3[C@H]2CCC4=CC(=O)CC[C@]34C)C","1"
"cinnamoylglycine","Cinnamoylglycine","HMDB0011621","709625","68616",NA,NA,"OC(=O)CNC(=O)\C=C\C1=CC=CC=C1","1"
"cis-4-decenoylcarnitine (C10:1)","NA","NA","NA","NA","NA","NA","NA","0"
"(16 or 17)-methylstearate (a19:0 or i19:0)","NA","NA","NA","NA","NA","NA","NA","0"
"2,3-dihydroxyisovalerate","NA","NA","NA","NA","NA","NA","NA","0"
"3-methylglutaconate","3-Methylglutaconic acid","HMDB0000522","1551553","37245",NA,"5507","C/C(=C\C(=O)O)/CC(=O)O","1"
"isoursodeoxycholate","Isoursodeoxycholic acid","HMDB0000686","127601","43419","C17662","5655","C[C@H](CCC(=O)O)[C@H]1CC[C@@H]2[C@@]1(CC[C@H]3[C@H]2[C@H](C[C@H]4[C@@]3(CC[C@@H](C4)O)C)O)C","1"
"hydantoin-5-propionate","Hydantoin-5-propionic acid","HMDB0001212","782","28297","C05565","6084","C(CC(=O)O)C1C(=O)NC(=O)N1","1"
"sulfate","Sulfate","HMDB0001448","1117","26836","C00059","3233","OS(O)(=O)=O","1"
"4-hydroxy-2-oxoglutaric acid","4-Hydroxy-2-oxoglutaric acid","HMDB0002070","599","30923","C01127","6471","OC(CC(=O)C(O)=O)C(O)=O","1"
"4-hydroxyglutamate","NA","NA","NA","NA","NA","NA","NA","0"
"S-methylcysteine","S-Methyl-L-cysteine","HMDB0002108","24417","45658","C22040","6490","CSC[C@@H](N)C(O)=O","1"
"androsterone glucuronide","Androsterone glucuronide","HMDB0002829","114833","28832","C11135","2796","C[C@]12CC[C@H](C[C@@H]1CC[C@@H]3[C@@H]2CC[C@]4([C@H]3CCC4=O)C)O[C@H]5[C@@H]([C@H]([C@@H]([C@H](O5)C(=O)O)O)O)O","1"
"argininate","NA","NA","NA","NA","NA","NA","NA","0"
"2-oxoarginine","2-Oxoarginine","HMDB0004225","558","28116","C03771","7030","NC(N)=NCCCC(=O)C(O)=O","1"
"cis-4-decenoate (10:1n6)","NA","NA","NA","NA","NA","NA","NA","0"
"1-adrenoyl-GPC (22:4)","NA","NA","NA","NA","NA","NA","NA","0"
"1-(1-enyl-palmitoyl)-GPC (P-16:0)","NA","NA","NA","NA","NA","NA","NA","0"
"1-methyl-5-imidazoleacetate","Pi-Methylimidazoleacetic acid","HMDB0004988","6451814","70966",NA,"7239","CN1C=NC=C1CC(O)=O","1"
"glycoursodeoxycholate","Glycoursodeoxycholic acid","HMDB0000708","12310288","542261",NA,"5676","C[C@H](CCC(=O)NCC(=O)O)[C@H]1CC[C@@H]2[C@@]1(CC[C@H]3[C@H]2[C@H](C[C@H]4[C@@]3(CC[C@H](C4)O)C)O)C","1"
"S-methylcysteine sulfoxide","(S)C(S)S-S-Methylcysteine sulfoxide","HMDB0029432","82142",NA,NA,NA,"CS(=O)CC(N)C(O)=O","1"
"eicosanedioate (C20-DC)","NA","NA","NA","NA","NA","NA","NA","0"
"docosadioate (C22-DC)","NA","NA","NA","NA","NA","NA","NA","0"
"16-hydroxypalmitate","NA","NA","NA","NA","NA","NA","NA","0"
"oleoyl-linoleoyl-glycerol (18:1/18:2) [1","NA","NA","NA","NA","NA","NA","NA","0"
"oleoyl-linoleoyl-glycerol (18:1/18:2) [2","NA","NA","NA","NA","NA","NA","NA","0"
"1-(1-enyl-palmitoyl)-GPE (P-16:0)","NA","NA","NA","NA","NA","NA","NA","0"
"1-(1-enyl-stearoyl)-GPE (P-18:0)","NA","NA","NA","NA","NA","NA","NA","0"
"2-stearoyl-GPI (18:0)","NA","NA","NA","NA","NA","NA","NA","0"
"N-oleoyltaurine","NA","NA","NA","NA","NA","NA","NA","0"
"linoleoylcarnitine (C18:2)","NA","NA","NA","NA","NA","NA","NA","0"
"isoleucylglycine","Isoleucyl-Glycine","HMDB0028907","342532",NA,NA,NA,"CCC(C)C(N)C(=O)NCC(O)=O","1"
"carboxyethyl-GABA","N-Carboxyethyl-g-aminobutyric acid","HMDB0002201","2572",NA,NA,"6542","OC(=O)CCCNCCC(O)=O","1"
"beta-citrylglutamate","NA","NA","NA","NA","NA","NA","NA","0"
"trimethylamine N-oxide","Trimethylamine N-oxide","HMDB0000925","1145","15724","C01104","5876","C[N+](C)(C)[O-]","1"
"imidazole propionate","Imidazolepropionic acid","HMDB0002271","70630","73087","C20522","6585","OC(=O)CCC1=CNC=N1","1"
"pregnanediol-3-glucuronide","Pregnanediol-3-glucuronide","HMDB0010318","123796",NA,"C03033",NA,"C[C@@H]([C@H]1CC[C@@H]2[C@@]1(CC[C@H]3[C@H]2CC[C@H]4[C@@]3(CC[C@H](C4)O[C@H]5[C@@H]([C@H]([C@@H]([C@H](O5)C(=O)O)O)O)O)C)C)O","1"
"N-palmitoylglycine","Palmitoylglycine","HMDB0013034","151008","479285",NA,NA,"CCCCCCCCCCCCCCCC(=O)NCC(=O)O","1"
"lanthionine","Lanthionine",NA,"98504",NA,NA,NA,NA,"1"
"2-stearoyl-GPE (18:0)","LysoPE(0:0/18:0)","HMDB0011129","53480667","133144",NA,NA,"CCCCCCCCCCCCCCCCCC(=O)O[C@H](CO)COP(=O)(O)OCCN","1"
"(R)-3-hydroxybutyrylcarnitine","(R)-3-hydroxybutyrylcarnitine","HMDB0062735","90659885","84842",NA,NA,"[H]C(C)(O)CC(=O)O[C@]([H])(CC([O-])=O)C[N+](C)(C)C","1"
"N-acetylcarnosine","N-Acetylcarnosine","HMDB0012881","9903482",NA,NA,NA,"CC(=O)NCCC(=O)N[C@H](CC1=CN=CN1)C(O)=O","1"
"margaroylcarnitine (C17)","NA","NA","NA","NA","NA","NA","NA","0"
"glycohyocholate","NA","NA","NA","NA","NA","NA","NA","0"
"2-hydroxydecanoate","2-Hydroxydecanoate","HMDB0094656","5312797","133172",NA,NA,"CCCCCCCCC(O)C(=O)O","1"
"4-methylcatechol sulfate","4-Methylcatechol 1-sulfate","HMDB0240459","54104170",NA,NA,NA,"CC1=CC(O)=C(OS(O)(=O)=O)C=C1","1"
"3-methyl catechol sulfate (1)","NA","NA","NA","NA","NA","NA","NA","0"
"guaiacol sulfate","NA","NA","NA","NA","NA","NA","NA","0"
"2-aminooctanoate","DL-2-Aminooctanoic acid","HMDB0000991","69522","75145",NA,"5923","CCCCCCC(N)C(=O)O","1"
"2-piperidinone","2-Piperidinone","HMDB0011749","12665","77761",NA,NA,"O=C1CCCCN1","1"
"N-acetyl-1-methylhistidine","N-Acetyl-1-methylhistidine","HMDB0240340","53859791","133181",NA,NA,"CN1C=NC(C[C@H](NC(C)=O)C(O)=O)=C1","1"
"2-aminophenol sulfate","NA","NA","NA","NA","NA","NA","NA","0"
"sphingomyelin (d18:1/14:0, d16:1/16:0)","NA","NA","NA","NA","NA","NA","NA","0"
"sphingomyelin (d18:2/16:0, d18:1/16:1)","NA","NA","NA","NA","NA","NA","NA","0"
"6-oxopiperidine-2-carboxylate","6-Oxopiperidine-2-carboxylic acid","HMDB0061705","3014237","87998",NA,NA,"OC(=O)C1CCCC(O)=N1","1"
"N-delta-acetylornithine","N5-Acetylornithine","HMDB0240589","193343","44673",NA,NA,"CC(=O)NCCC[C@H](N)C(O)=O","1"
"acisoga","NA","NA","NA","NA","NA","NA","NA","0"
"2-aminoheptanoate","NA","NA","NA","NA","NA","NA","NA","0"
"1-eicosapentaenoyl-GPE (20:5)","NA","NA","NA","NA","NA","NA","NA","0"
"N2,N5-diacetylornithine","N2,N5-Diacetylornithine","HMDB0240345","65977","133217",NA,NA,"CC(=O)NCCC[C@H](NC(C)=O)C(O)=O","1"
"methionine sulfone","Methionine sulfone",NA,"445282",NA,NA,NA,NA,"1"
"cyclo(ala-pro)","NA","NA","NA","NA","NA","NA","NA","0"
"1-linolenoyl-GPC (18:3)","NA","NA","NA","NA","NA","NA","NA","0"
"1-eicosapentaenoyl-GPC (20:5)","NA","NA","NA","NA","NA","NA","NA","0"
"1-eicosenoyl-GPC (20:1)","NA","NA","NA","NA","NA","NA","NA","0"
"1-dihomo-linolenoyl-GPE (20:3n3 or 6)","NA","NA","NA","NA","NA","NA","NA","0"
"1-(1-enyl-oleoyl)-GPE (P-18:1)","NA","NA","NA","NA","NA","NA","NA","0"
"O-sulfo-L-tyrosine","O-Sulfotyrosine","HMDB0155722","514186","46215",NA,NA,"N[C@@H](CC1=CC=C(OS(O)(=O)=O)C=C1)C(O)=O","1"
"etiocholanolone glucuronide","Etiocholanolone glucuronide","HMDB0004484","443078","37451","C11136","7064","C[C@]12CC[C@H](C[C@H]1CC[C@@H]3[C@@H]2CC[C@]4([C@H]3CCC4=O)C)O[C@H]5[C@@H]([C@H]([C@@H]([C@H](O5)C(=O)O)O)O)O","1"
"N-acetyltaurine","N-Acetyltaurine","HMDB0240253","159864","84415",NA,NA,"CC(=O)NCCS(O)(=O)=O","1"
"1-docosapentaenoyl-GPC (22:5n6)","NA","NA","NA","NA","NA","NA","NA","0"
"1-palmitoyl-GPG (16:0)","NA","NA","NA","NA","NA","NA","NA","0"
"9-hydroxystearate","NA","NA","NA","NA","NA","NA","NA","0"
"3-methylglutarylcarnitine (2)","NA","NA","NA","NA","NA","NA","NA","0"
"sphingomyelin (d18:2/14:0, d18:1/14:1)","NA","NA","NA","NA","NA","NA","NA","0"
"sphingomyelin (d18:1/24:1, d18:2/24:0)","NA","NA","NA","NA","NA","NA","NA","0"
"octadecenedioylcarnitine (C18:1-DC)","NA","NA","NA","NA","NA","NA","NA","0"
"myristoleoylcarnitine (C14:1)","NA","NA","NA","NA","NA","NA","NA","0"
"N-formylphenylalanine","N-Formylphenylalanine","HMDB0240317","759256","133534",NA,NA,"OC(=O)[C@H](CC1=CC=CC=C1)NC=O","1"
"cyclo(pro-val)","Cyclo(L-prolyl-L-valyl)","HMDB0240493","6992261",NA,NA,NA,"[H][C@@]12CCCN1C(=O)[C@@]([H])(N=C2O)C(C)C","1"
"4-hydroxychlorothalonil","4-Hydroxychlorothalonil","HMDB0240624","34217","133542",NA,NA,"OC1=C(C#N)C(Cl)=C(C#N)C(Cl)=C1Cl","1"
"tyramine O-sulfate","Tyramine-O-sulfate","HMDB0006409","153005","133530",NA,NA,"NCCC1=CC=C(OS(O)(=O)=O)C=C1","1"
"3-hydroxypyridine sulfate","3-Hydroxypyridine sulfate","HMDB0240652","22642043","133559",NA,NA,"OS(=O)(=O)OC1=CN=CC=C1","1"
"phenylacetylcarnitine","NA","NA","NA","NA","NA","NA","NA","0"
"arabonate/xylonate","NA","NA","NA","NA","NA","NA","NA","0"
"methyl-4-hydroxybenzoate sulfate","Methyl-4-hydroxybenzoate sulfate","HMDB0168668","122164837","133532",NA,NA,"COC(=O)C1=CC=C(OS(O)(=O)=O)C=C1","1"
"vanillactate","Vanillactic acid","HMDB0000913","160637","1240674",NA,"5868","COC1=CC(CC(O)C(O)=O)=CC=C1O","1"
"p-cresol glucuronide","p-Cresol glucuronide","HMDB0011686","154035","87986",NA,NA,"CC1=CC=C(O[C@@H]2O[C@@H]([C@@H](O)[C@H](O)[C@H]2O)C(O)=O)C=C1","1"
"6-hydroxyindole sulfate","6-Hydroxyindole sulfate",NA,"122198196",NA,NA,NA,NA,"1"
"sphingomyelin (d18:1/20:0, d16:1/22:0)","NA","NA","NA","NA","NA","NA","NA","0"
"sphingomyelin (d18:1/20:1, d18:2/20:0)","NA","NA","NA","NA","NA","NA","NA","0"
"sphingomyelin (d18:1/20:2, d18:2/20:1, d16:1/22:2)","NA","NA","NA","NA","NA","NA","NA","0"
"behenoyl sphingomyelin (d18:1/22:0)","NA","NA","NA","NA","NA","NA","NA","0"
"sphingomyelin (d18:1/22:1, d18:2/22:0, d16:1/24:1)","NA","NA","NA","NA","NA","NA","NA","0"
"sphingomyelin (d18:1/22:2, d18:2/22:1, d16:1/24:2)","NA","NA","NA","NA","NA","NA","NA","0"
"lignoceroyl sphingomyelin (d18:1/24:0)","NA","NA","NA","NA","NA","NA","NA","0"
"sphingomyelin (d17:1/16:0, d18:1/15:0, d16:1/17:0)","NA","NA","NA","NA","NA","NA","NA","0"
"dopamine 3-O-sulfate","Dopamine 3-O-sulfate","HMDB0006275","122136","37946","C13690",NA,"NCCC1=CC(OS(O)(=O)=O)=C(O)C=C1","1"
"3-hydroxyhexanoate","3-hydroxyhexanoic acid","HMDB0061652","11829482","37049",NA,NA,"CCC[C@H](O)CC(O)=O","1"
"3beta-hydroxy-5-cholestenoate","3 beta-Hydroxy-5-cholestenoate","HMDB0012453","53481407",NA,"C17333",NA,"C[C@H](CCCC(C)C(=O)O)C1CCC2[C@@]1(CCC3C2CC=C4[C@@]3(CC[C@@H](C4)O)C)C","1"
"3-methoxycatechol sulfate (1)","NA","NA","NA","NA","NA","NA","NA","0"
"C-glycosyltryptophan","C-Glycosyltryptophan",NA,"21775807",NA,NA,NA,NA,"1"
"arabitol/xylitol","NA","NA","NA","NA","NA","NA","NA","0"
"N-acetylglucosamine/N-acetylgalactosamine","NA","NA","NA","NA","NA","NA","NA","0"
"adipoylcarnitine (C6-DC)","NA","NA","NA","NA","NA","NA","NA","0"
"nonanoylcarnitine (C9)","NA","NA","NA","NA","NA","NA","NA","0"
"glycochenodeoxycholate 3-sulfate","NA","NA","NA","NA","NA","NA","NA","0"
"glycodeoxycholate 3-sulfate","NA","NA","NA","NA","NA","NA","NA","0"
"taurodeoxycholic acid 3-sulfate","NA","NA","NA","NA","NA","NA","NA","0"
"trans-3,4-methyleneheptanoate","NA","NA","NA","NA","NA","NA","NA","0"
"linoleoyl ethanolamide","Linoleoyl ethanolamide","HMDB0012252","5283446","64032",NA,NA,"CCCCC/C=C\C/C=C\CCCCCCCC(=O)NCCO","1"
"1,2-dilinoleoyl-GPC (18:2/18:2)","NA","NA","NA","NA","NA","NA","NA","0"
"1-stearoyl-2-oleoyl-GPC (18:0/18:1)","NA","NA","NA","NA","NA","NA","NA","0"
"1-palmitoyl-2-arachidonoyl-GPC (16:0/20:4n6)","NA","NA","NA","NA","NA","NA","NA","0"
"1-palmitoyl-2-docosahexaenoyl-GPC (16:0/22:6)","NA","NA","NA","NA","NA","NA","NA","0"
"1-stearoyl-2-docosahexaenoyl-GPC (18:0/22:6)","NA","NA","NA","NA","NA","NA","NA","0"
"1-(1-enyl-stearoyl)-2-oleoyl-GPC (P-18:0/18:1)","NA","NA","NA","NA","NA","NA","NA","0"
"1-(1-enyl-stearoyl)-2-arachidonoyl-GPC (P-18:0/20:4)","NA","NA","NA","NA","NA","NA","NA","0"
"1-(1-enyl-stearoyl)-2-oleoyl-GPE (P-18:0/18:1)","NA","NA","NA","NA","NA","NA","NA","0"
"sphingomyelin (d18:1/17:0, d17:1/18:0, d19:1/16:0)","NA","NA","NA","NA","NA","NA","NA","0"
"1-palmitoyl-2-stearoyl-GPC (16:0/18:0)","NA","NA","NA","NA","NA","NA","NA","0"
"2-hydroxybutyrate/2-hydroxyisobutyrate","NA","NA","NA","NA","NA","NA","NA","0"
"oleate/vaccenate (18:1)","NA","NA","NA","NA","NA","NA","NA","0"
"palmitoyl dihydrosphingomyelin (d18:0/16:0)","NA","NA","NA","NA","NA","NA","NA","0"
"tricosanoyl sphingomyelin (d18:1/23:0)","NA","NA","NA","NA","NA","NA","NA","0"
"sphingomyelin (d18:2/23:0, d18:1/23:1, d17:1/24:1)","NA","NA","NA","NA","NA","NA","NA","0"
"sphingomyelin (d18:2/24:1, d18:1/24:2)","NA","NA","NA","NA","NA","NA","NA","0"
"1-stearoyl-2-linoleoyl-GPE (18:0/18:2)","NA","NA","NA","NA","NA","NA","NA","0"
"1-stearoyl-2-arachidonoyl-GPE (18:0/20:4)","NA","NA","NA","NA","NA","NA","NA","0"
"1-stearoyl-2-linoleoyl-GPC (18:0/18:2)","NA","NA","NA","NA","NA","NA","NA","0"
"1-palmitoyl-2-palmitoleoyl-GPC (16:0/16:1)","NA","NA","NA","NA","NA","NA","NA","0"
"1-palmitoyl-2-eicosapentaenoyl-GPC (16:0/20:5)","NA","NA","NA","NA","NA","NA","NA","0"
"1-palmitoyl-2-arachidonoyl-GPE (16:0/20:4)","NA","NA","NA","NA","NA","NA","NA","0"
"1-palmitoyl-2-docosahexaenoyl-GPE (16:0/22:6)","NA","NA","NA","NA","NA","NA","NA","0"
"1-stearoyl-2-docosahexaenoyl-GPE (18:0/22:6)","NA","NA","NA","NA","NA","NA","NA","0"
"1-palmitoyl-2-arachidonoyl-GPI (16:0/20:4)","NA","NA","NA","NA","NA","NA","NA","0"
"1-stearoyl-2-linoleoyl-GPI (18:0/18:2)","NA","NA","NA","NA","NA","NA","NA","0"
"gamma-tocopherol/beta-tocopherol","NA","NA","NA","NA","NA","NA","NA","0"
"1-(1-enyl-stearoyl)-2-arachidonoyl-GPE (P-18:0/20:4)","NA","NA","NA","NA","NA","NA","NA","0"
"1-(1-enyl-palmitoyl)-2-docosahexaenoyl-GPE (P-16:0/22:6)","NA","NA","NA","NA","NA","NA","NA","0"
"1-(1-enyl-palmitoyl)-2-arachidonoyl-GPE (P-16:0/20:4)","NA","NA","NA","NA","NA","NA","NA","0"
"1-(1-enyl-stearoyl)-2-docosahexaenoyl-GPE (P-18:0/22:6)","NA","NA","NA","NA","NA","NA","NA","0"
"1-(1-enyl-palmitoyl)-2-oleoyl-GPE (P-16:0/18:1)","NA","NA","NA","NA","NA","NA","NA","0"
"1-(1-enyl-palmitoyl)-2-oleoyl-GPC (P-16:0/18:1)","NA","NA","NA","NA","NA","NA","NA","0"
"1-(1-enyl-palmitoyl)-2-docosahexaenoyl-GPC (P-16:0/22:6)","NA","NA","NA","NA","NA","NA","NA","0"
"1-(1-enyl-palmitoyl)-2-linoleoyl-GPC (P-16:0/18:2)","NA","NA","NA","NA","NA","NA","NA","0"
"1-(1-enyl-palmitoyl)-2-arachidonoyl-GPC (P-16:0/20:4)","NA","NA","NA","NA","NA","NA","NA","0"
"1-(1-enyl-stearoyl)-2-docosahexaenoyl-GPC (P-18:0/22:6)","NA","NA","NA","NA","NA","NA","NA","0"
"1-stearyl-2-arachidonoyl-GPC (O-18:0/20:4)","NA","NA","NA","NA","NA","NA","NA","0"
"1-palmityl-2-oleoyl-GPC (O-16:0/18:1)","NA","NA","NA","NA","NA","NA","NA","0"
"1-palmityl-2-arachidonoyl-GPC (O-16:0/20:4)","NA","NA","NA","NA","NA","NA","NA","0"
"sphingomyelin (d18:1/21:0, d17:1/22:0, d16:1/23:0)","NA","NA","NA","NA","NA","NA","NA","0"
"behenoyl dihydrosphingomyelin (d18:0/22:0)","NA","NA","NA","NA","NA","NA","NA","0"
"sphingomyelin (d18:0/18:0, d19:0/17:0)","NA","NA","NA","NA","NA","NA","NA","0"
"N-palmitoyl-sphinganine (d18:0/16:0)","NA","NA","NA","NA","NA","NA","NA","0"
"lactosyl-N-palmitoyl-sphingosine (d18:1/16:0)","NA","NA","NA","NA","NA","NA","NA","0"
"1-pentadecanoyl-2-linoleoyl-GPC (15:0/18:2)","NA","NA","NA","NA","NA","NA","NA","0"
"1-margaroyl-2-oleoyl-GPC (17:0/18:1)","NA","NA","NA","NA","NA","NA","NA","0"
"1-margaroyl-2-linoleoyl-GPC (17:0/18:2)","NA","NA","NA","NA","NA","NA","NA","0"
"myristoyl dihydrosphingomyelin (d18:0/14:0)","NA","NA","NA","NA","NA","NA","NA","0"
"1-stearoyl-2-dihomo-linolenoyl-GPC (18:0/20:3n3 or 6)","NA","NA","NA","NA","NA","NA","NA","0"
"palmitoyl-linoleoyl-glycerol (16:0/18:2) [1]","NA","NA","NA","NA","NA","NA","NA","0"
"palmitoyl-linoleoyl-glycerol (16:0/18:2) [2]","NA","NA","NA","NA","NA","NA","NA","0"
"1-palmitoyl-2-oleoyl-GPI (16:0/18:1)","NA","NA","NA","NA","NA","NA","NA","0"
"1-(1-enyl-palmitoyl)-2-linoleoyl-GPE (P-16:0/18:2)","NA","NA","NA","NA","NA","NA","NA","0"
"1-oleoyl-2-linoleoyl-GPE (18:1/18:2)","NA","NA","NA","NA","NA","NA","NA","0"
"1-pentadecanoyl-2-arachidonoyl-GPC (15:0/20:4)","NA","NA","NA","NA","NA","NA","NA","0"
"1-pentadecanoyl-2-docosahexaenoyl-GPC (15:0/22:6)","NA","NA","NA","NA","NA","NA","NA","0"
"1-margaroyl-2-arachidonoyl-GPC (17:0/20:4)","NA","NA","NA","NA","NA","NA","NA","0"
"1-margaroyl-2-docosahexaenoyl-GPC (17:0/22:6)","NA","NA","NA","NA","NA","NA","NA","0"
"1-arachidoyl-2-arachidonoyl-GPC (20:0/20:4)","NA","NA","NA","NA","NA","NA","NA","0"
"1-oleoyl-2-docosahexaenoyl-GPC (18:1/22:6)","NA","NA","NA","NA","NA","NA","NA","0"
"1-linoleoyl-2-docosahexaenoyl-GPC (18:2/22:6)","NA","NA","NA","NA","NA","NA","NA","0"
"1-palmityl-2-linoleoyl-GPC (O-16:0/18:2)","NA","NA","NA","NA","NA","NA","NA","0"
"1-(1-enyl-stearoyl)-2-linoleoyl-GPC (P-18:0/18:2)","NA","NA","NA","NA","NA","NA","NA","0"
"1-myristoyl-2-linoleoyl-GPC (14:0/18:2)","NA","NA","NA","NA","NA","NA","NA","0"
"1-myristoyl-2-arachidonoyl-GPC (14:0/20:4)","NA","NA","NA","NA","NA","NA","NA","0"
"1-myristoyl-2-docosahexaenoyl-GPC (14:0/22:6)","NA","NA","NA","NA","NA","NA","NA","0"
"1-stearoyl-2-docosapentaenoyl-GPC (18:0/22:5n3)","NA","NA","NA","NA","NA","NA","NA","0"
"1-stearoyl-2-docosapentaenoyl-GPC (18:0/22:5n6)","NA","NA","NA","NA","NA","NA","NA","0"
"1-palmitoyl-2-adrenoyl-GPC (16:0/22:4)","NA","NA","NA","NA","NA","NA","NA","0"
"1-stearoyl-2-adrenoyl-GPC (18:0/22:4)","NA","NA","NA","NA","NA","NA","NA","0"
"1-stearyl-GPC (O-18:0)","NA","NA","NA","NA","NA","NA","NA","0"
"1-oleoyl-2-dihomo-linolenoyl-GPC (18:1/20:3)","NA","NA","NA","NA","NA","NA","NA","0"
"1-(1-enyl-palmitoyl)-2-palmitoleoyl-GPC (P-16:0/16:1)","NA","NA","NA","NA","NA","NA","NA","0"
"1-(1-enyl-palmitoyl)-2-palmitoyl-GPC (P-16:0/16:0)","NA","NA","NA","NA","NA","NA","NA","0"
"phosphatidylcholine (16:0/22:5n3, 18:1/20:4)","NA","NA","NA","NA","NA","NA","NA","0"
"1-stearoyl-2-oleoyl-GPI (18:0/18:1)","NA","NA","NA","NA","NA","NA","NA","0"
"1-stearoyl-2-dihomo-linolenoyl-GPI (18:0/20:3n3 or 6)","NA","NA","NA","NA","NA","NA","NA","0"
"1-palmitoyl-2-eicosapentaenoyl-GPE (16:0/20:5)","NA","NA","NA","NA","NA","NA","NA","0"
"1-stearoyl-2-dihomo-linolenoyl-GPE (18:0/20:3n3 or 6)","NA","NA","NA","NA","NA","NA","NA","0"
"1-oleoyl-2-arachidonoyl-GPE (18:1/20:4)","NA","NA","NA","NA","NA","NA","NA","0"
"1-(1-enyl-stearoyl)-2-linoleoyl-GPE (P-18:0/18:2)","NA","NA","NA","NA","NA","NA","NA","0"
"1-linoleoyl-GPG (18:2)","NA","NA","NA","NA","NA","NA","NA","0"
"thioproline","Thioproline",NA,"93176",NA,NA,NA,NA,"1"
"palmitoylcholine","Palmitoylcholine","HMDB0240592","151731","133677",NA,NA,"CCCCCCCCCCCCCCCC(=O)OCC[N+](C)(C)C","1"
"glycochenodeoxycholate glucuronide (1)","NA","NA","NA","NA","NA","NA","NA","0"
"(S)-3-hydroxybutyrylcarnitine","NA","NA","NA","NA","NA","NA","NA","0"
"glycosyl-N-palmitoyl-sphingosine (d18:1/16:0)","NA","NA","NA","NA","NA","NA","NA","0"
"oleoylcholine","Oleoylcholine","HMDB0240596","59040790","133693",NA,NA,"CCCCCCCC\C=C/CCCCCCCC(=O)OCC[N+](C)(C)C","1"
"arachidonoylcholine","Arachidonoylcholine","HMDB0240583","122198216","133694",NA,NA,"CCCCC\C=C/C\C=C/C\C=C/C\C=C/CCCC(=O)OCC[N+](C)(C)C","1"
"docosahexaenoylcholine","Docosahexaenoylcholine","HMDB0240647","9823108",NA,NA,NA,"CC\C=C/C\C=C/C\C=C/C\C=C/C\C=C/C\C=C/CCC(=O)OCC[N+](C)(C)C","1"
"1-linoleoyl-2-linolenoyl-GPC (18:2/18:3)","NA","NA","NA","NA","NA","NA","NA","0"
"1-palmitoleoyl-2-linolenoyl-GPC (16:1/18:3)","NA","NA","NA","NA","NA","NA","NA","0"
"phosphatidylcholine (15:0/18:1, 17:0/16:1, 16:0/17:1)","NA","NA","NA","NA","NA","NA","NA","0"
"phosphatidylcholine (18:0/20:2, 20:0/18:2)","NA","NA","NA","NA","NA","NA","NA","0"
"1-(1-enyl-oleoyl)-2-docosahexaenoyl-GPE (P-18:1/22:6)","NA","NA","NA","NA","NA","NA","NA","0"
"1-(1-enyl-stearoyl)-2-dihomo-linolenoyl-GPE (P-18:0/20:3)","NA","NA","NA","NA","NA","NA","NA","0"
"hexadecadienoate (16:2n6)","NA","NA","NA","NA","NA","NA","NA","0"
"palmitoleoylcarnitine (C16:1)","NA","NA","NA","NA","NA","NA","NA","0"
"4-hydroxyphenylacetylglutamine","4-Hydroxyphenylacetylglutamine","HMDB0006061","61152160","28036","C05595",NA,"OC(=O)CC[C@H](NC(=O)CC1=CC=C(O)C=C1)C(O)=O","1"
"2,3-dihydroxy-2-methylbutyrate","NA","NA","NA","NA","NA","NA","NA","0"
"2'-O-methylcytidine","2'-O-Methylcytidine",NA,"150971",NA,NA,NA,NA,"1"
"2'-O-methyluridine","2'-O-Methyluridine",NA,"102212",NA,NA,NA,NA,"1"
"gamma-glutamyl-alpha-lysine","NA","NA","NA","NA","NA","NA","NA","0"
"palmitoyl-oleoyl-glycerol (16:0/18:1) [2]","NA","NA","NA","NA","NA","NA","NA","0"
"oleoyl-oleoyl-glycerol (18:1/18:1)  [1]","NA","NA","NA","NA","NA","NA","NA","0"
"oleoyl-oleoyl-glycerol (18:1/18:1) [2]","NA","NA","NA","NA","NA","NA","NA","0"
"linoleoyl-arachidonoyl-glycerol (18:2/20:4) [1]","NA","NA","NA","NA","NA","NA","NA","0"
"palmitoyl-arachidonoyl-glycerol (16:0/20:4) [2]","NA","NA","NA","NA","NA","NA","NA","0"
"linoleoyl-linolenoyl-glycerol (18:2/18:3) [2]","NA","NA","NA","NA","NA","NA","NA","0"
"palmitoleoyl-linoleoyl-glycerol (16:1/18:2) [1]","NA","NA","NA","NA","NA","NA","NA","0"
"oleoyl-arachidonoyl-glycerol (18:1/20:4) [1]","NA","NA","NA","NA","NA","NA","NA","0"
"oleoyl-arachidonoyl-glycerol (18:1/20:4) [2]","NA","NA","NA","NA","NA","NA","NA","0"
"diacylglycerol (16:1/18:2 [2], 16:0/18:3 [1])","NA","NA","NA","NA","NA","NA","NA","0"
"linoleoyl-linoleoyl-glycerol (18:2/18:2) [1]","NA","NA","NA","NA","NA","NA","NA","0"
"stearoyl-arachidonoyl-glycerol (18:0/20:4) [1]","NA","NA","NA","NA","NA","NA","NA","0"
"perfluorooctanesulfonate (PFOS)","NA","NA","NA","NA","NA","NA","NA","0"
"1-palmityl-2-stearoyl-GPC (O-16:0/18:0)","NA","NA","NA","NA","NA","NA","NA","0"
"1-palmityl-2-palmitoyl-GPC (O-16:0/16:0)","NA","NA","NA","NA","NA","NA","NA","0"
"1-stearyl-2-docosapentaenoyl-GPC (O-18:0/22:5n3)","NA","NA","NA","NA","NA","NA","NA","0"
"1-stearoyl-2-docosapentaenoyl-GPE (18:0/22:5n3)","NA","NA","NA","NA","NA","NA","NA","0"
"1-stearoyl-2-docosapentaenoyl-GPE (18:0/22:5n6)","NA","NA","NA","NA","NA","NA","NA","0"
"1-stearoyl-2-adrenoyl-GPE (18:0/22:4)","NA","NA","NA","NA","NA","NA","NA","0"
"1-(1-enyl-stearoyl)-2-docosapentaenoyl-GPE (P-18:0/22:5n3)","NA","NA","NA","NA","NA","NA","NA","0"
"palmitoyl-docosahexaenoyl-glycerol (16:0/22:6) [1]","NA","NA","NA","NA","NA","NA","NA","0"
"lactosyl-N-nervonoyl-sphingosine (d18:1/24:1)","NA","NA","NA","NA","NA","NA","NA","0"
"glycosyl-N-behenoyl-sphingadienine (d18:2/22:0)","NA","NA","NA","NA","NA","NA","NA","0"
"phosphatidylethanolamine (P-18:1/20:4, P-16:0/22:5n3)","NA","NA","NA","NA","NA","NA","NA","0"
"1-palmitoyl-2-(hydroxylinoleoyl)-GPC (16:0/18:2(OH))","NA","NA","NA","NA","NA","NA","NA","0"
"ceramide (d18:1/14:0, d16:1/16:0)","NA","NA","NA","NA","NA","NA","NA","0"
"ceramide (d18:1/17:0, d17:1/18:0)","NA","NA","NA","NA","NA","NA","NA","0"
"ceramide (d18:2/24:1, d18:1/24:2)","NA","NA","NA","NA","NA","NA","NA","0"
"glycosyl ceramide (d18:2/24:1, d18:1/24:2)","NA","NA","NA","NA","NA","NA","NA","0"
"stearoylcholine","Stearoylcholine","HMDB0240648","90111",NA,NA,NA,"CCCCCCCCCCCCCCCCCC(=O)OCC[N+](C)(C)C","1"
"linoleoylcholine","NA","NA","NA","NA","NA","NA","NA","0"
"sphingomyelin (d18:0/20:0, d16:0/22:0)","NA","NA","NA","NA","NA","NA","NA","0"
"sphingomyelin (d18:1/19:0, d19:1/18:0)","NA","NA","NA","NA","NA","NA","NA","0"
"sphingomyelin (d18:2/18:1)","NA","NA","NA","NA","NA","NA","NA","0"
"sphingomyelin (d18:2/24:2)","SM(d18:2(4E,14Z)/24:2(5Z,9Z))","HMDB0240644",NA,NA,NA,NA,"[H][C@@](COP([O-])(=O)OCC[N+](C)(C)C)(NC(=O)CCC\C=C/CC\C=C/CCCCCCCCCCCCCC)[C@H](O)\C=C\CCCCCCCC\C=C/CCC","1"
"sphingomyelin (d18:2/21:0, d16:2/23:0)","NA","NA","NA","NA","NA","NA","NA","0"
"sphingomyelin (d18:2/23:1)","SM(d18:2(4E,14Z)/23:1(9Z))","HMDB0240668",NA,NA,NA,NA,"[H][C@@](COP([O-])(=O)OCC[N+](C)(C)C)(NC(=O)CCCCCCC\C=C/CCCCCCCCCCCCC)[C@H](O)\C=C\CCCCCCCC\C=C/CCC","1"
"sphingomyelin (d18:1/25:0, d19:0/24:1, d20:1/23:0, d19:1/24:0)","NA","NA","NA","NA","NA","NA","NA","0"
"sphingomyelin (d17:2/16:0, d18:2/15:0)","NA","NA","NA","NA","NA","NA","NA","0"
"linolenoylcarnitine (C18:3)","NA","NA","NA","NA","NA","NA","NA","0"
"behenoylcarnitine (C22)","NA","NA","NA","NA","NA","NA","NA","0"
"arachidoylcarnitine (C20)","NA","NA","NA","NA","NA","NA","NA","0"
"lignoceroylcarnitine (C24)","NA","NA","NA","NA","NA","NA","NA","0"
"cerotoylcarnitine (C26)","NA","NA","NA","NA","NA","NA","NA","0"
"ximenoylcarnitine (C26:1)","NA","NA","NA","NA","NA","NA","NA","0"
"arachidonoylcarnitine (C20:4)","NA","NA","NA","NA","NA","NA","NA","0"
"eicosenoylcarnitine (C20:1)","NA","NA","NA","NA","NA","NA","NA","0"
"dihomo-linoleoylcarnitine (C20:2)","NA","NA","NA","NA","NA","NA","NA","0"
"dihomo-linolenoylcarnitine (C20:3n3 or 6)","NA","NA","NA","NA","NA","NA","NA","0"
"nervonoylcarnitine (C24:1)","NA","NA","NA","NA","NA","NA","NA","0"
"N,N,N-trimethyl-5-aminovalerate","NA","NA","NA","NA","NA","NA","NA","0"
"carotene diol (1)","NA","NA","NA","NA","NA","NA","NA","0"
"carotene diol (2)","NA","NA","NA","NA","NA","NA","NA","0"
"carotene diol (3)","NA","NA","NA","NA","NA","NA","NA","0"
"cortolone glucuronide (1)","NA","NA","NA","NA","NA","NA","NA","0"
"(N(1) + N(8))-acetylspermidine","NA","NA","NA","NA","NA","NA","NA","0"
"5-dodecenoylcarnitine (C12:1)","NA","NA","NA","NA","NA","NA","NA","0"
"hydroxy-CMPF","NA","NA","NA","NA","NA","NA","NA","0"
"dodecenedioate (C12:1-DC)","NA","NA","NA","NA","NA","NA","NA","0"
"hexadecenedioate (C16:1-DC)","NA","NA","NA","NA","NA","NA","NA","0"
"octadecenedioate (C18:1-DC)","NA","NA","NA","NA","NA","NA","NA","0"
"octadecadienedioate (C18:2-DC)","NA","NA","NA","NA","NA","NA","NA","0"
"3-carboxy-4-methyl-5-pentyl-2-furanpropionate (3-CMPFP)*","NA","NA","NA","NA","NA","NA","NA","0"
"N-acetyl-2-aminooctanoate","NA","NA","NA","NA","NA","NA","NA","0"
"hydroxyasparagine*","NA","NA","NA","NA","NA","NA","NA","0"
"perfluorooctanoate (PFOA)","NA","NA","NA","NA","NA","NA","NA","0"
"glyco-beta-muricholate*","NA","NA","NA","NA","NA","NA","NA","0"
"3-formylindole","1H-Indole-3-carboxaldehyde","HMDB0029737","10256","28238","C08493",NA,"O=CC1=CNC2=C1C=CC=C2","1"
"pyroglutamylleucine","NA","NA","NA","NA","NA","NA","NA","0"
"gamma-glutamylcitrulline","NA","NA","NA","NA","NA","NA","NA","0"
"glycine conjugate of C10H14O2 (1)","NA","NA","NA","NA","NA","NA","NA","0"
"glutamine conjugate of C7H12O2","NA","NA","NA","NA","NA","NA","NA","0"
"glutamine conjugate of C6H10O2 (1)","NA","NA","NA","NA","NA","NA","NA","0"
"glutamine conjugate of C6H10O2 (2)","NA","NA","NA","NA","NA","NA","NA","0"
"tetradecadienoate (14:2)","NA","NA","NA","NA","NA","NA","NA","0"
"3-amino-2-piperidone","3-Amino-2-piperidone","HMDB0000323","5200225","76341",NA,"5312","NC1CCCNC1=O","1"
"N,N-dimethylalanine","NA","NA","NA","NA","NA","NA","NA","0"
"3-indoleglyoxylic acid","NA","NA","NA","NA","NA","NA","NA","0"
"ethyl beta-glucopyranoside","NA","NA","NA","NA","NA","NA","NA","0"
"2-hydroxysebacate","2-Hydroxydecanedioic acid","HMDB0000424","128458","89312",NA,"5413","O=C(O)CCCCCCCC(O)C(=O)O","1"
"ascorbic acid 3-sulfate","Ascorbic acid 3-sulfate","HMDB0240641","11425365",NA,NA,NA,"[H][C@@]1(OC(=O)C(O)=C1OS(O)(=O)=O)[C@@H](O)CO","1"
"6-bromotryptophan","NA","NA","NA","NA","NA","NA","NA","0"
"1-carboxyethylphenylalanine","1-Carboxyethylphenylalanine","HMDB0240628","127261991",NA,NA,NA,"C[C@@H](N[C@@H](CC1=CC=CC=C1)C(O)=O)C(O)=O","1"
"1-carboxyethylvaline","1-Carboxyethylvaline","HMDB0240627",NA,NA,NA,NA,"CC(C)[C@H](N[C@H](C)C(O)=O)C(O)=O","1"
"1-carboxyethylleucine","1-Carboxyethylleucine","HMDB0240626","53752255",NA,NA,NA,"CC(C)C[C@H](N[C@H](C)C(O)=O)C(O)=O","1"
"1-carboxyethylisoleucine","NA","NA","NA","NA","NA","NA","NA","0"
"dodecadienoate (12:2)","NA","NA","NA","NA","NA","NA","NA","0"
"N-acetyl-isoputreanine","NA","NA","NA","NA","NA","NA","NA","0"
"glucuronide of piperine metabolite C17H21NO3 (4)","NA","NA","NA","NA","NA","NA","NA","0"
"sulfate of piperine metabolite C16H19NO3 (2)","NA","NA","NA","NA","NA","NA","NA","0"
"2-naphthol sulfate","NA","NA","NA","NA","NA","NA","NA","0"
"4-ethylcatechol sulfate","NA","NA","NA","NA","NA","NA","NA","0"
"11beta-hydroxyandrosterone glucuronide","NA","NA","NA","NA","NA","NA","NA","0"
"N2-acetyl,N6,N6-dimethyllysine","NA","NA","NA","NA","NA","NA","NA","0"
"deoxycholic acid glucuronide","NA","NA","NA","NA","NA","NA","NA","0"
"4-allylcatechol sulfate","NA","NA","NA","NA","NA","NA","NA","0"
"lithocholate sulfate (1)","NA","NA","NA","NA","NA","NA","NA","0"
"2-ketocaprylate","NA","NA","NA","NA","NA","NA","NA","0"
"2,3-dihydroxy-5-methylthio-4-pentenoate (DMTPA)","NA","NA","NA","NA","NA","NA","NA","0"
"hydroxypalmitoyl sphingomyelin (d18:1/16:0(OH))*","NA","NA","NA","NA","NA","NA","NA","0"
"tetradecadienedioate (C14:2-DC)","NA","NA","NA","NA","NA","NA","NA","0"
"pregnenetriol disulfate","NA","NA","NA","NA","NA","NA","NA","0"
"eicosenedioate (C20:1-DC)","NA","NA","NA","NA","NA","NA","NA","0"
"hydroxy-N6,N6,N6-trimethyllysine","NA","NA","NA","NA","NA","NA","NA","0"
"undecenoylcarnitine (C11:1)","NA","NA","NA","NA","NA","NA","NA","0"
"3-decenoylcarnitine","NA","NA","NA","NA","NA","NA","NA","0"
"palmitoyl-sphingosine-phosphoethanolamine (d18:1/16:0)","NA","NA","NA","NA","NA","NA","NA","0"
"3,5-dichloro-2,6-dihydroxybenzoic acid","NA","NA","NA","NA","NA","NA","NA","0"
"(S)-a-amino-omega-caprolactam","NA","NA","NA","NA","NA","NA","NA","0"
"metabolonic lactone sulfate","NA","NA","NA","NA","NA","NA","NA","0"
"branched chain 14:0 dicarboxylic acid*","NA","NA","NA","NA","NA","NA","NA","0"
"1-methyl-5-imidazolelactate","NA","NA","NA","NA","NA","NA","NA","0"
"(2 or 3)-decenoate (10:1n7 or n8)","NA","NA","NA","NA","NA","NA","NA","0"
"branched-chain, straight-chain, or cyclopropyl 10:1 fatty acid (1)","NA","NA","NA","NA","NA","NA","NA","0"
"3-bromo-5-chloro-2,6-dihydroxybenzoic acid","NA","NA","NA","NA","NA","NA","NA","0"
"branched-chain, straight-chain, or cyclopropyl 12:1 fatty acid","NA","NA","NA","NA","NA","NA","NA","0"
"decadienedioic acid (C10:2-DC)*","NA","NA","NA","NA","NA","NA","NA","0"
"deoxycholic acid 12-sulfate","NA","NA","NA","NA","NA","NA","NA","0"
"cis-3,4-methyleneheptanoate","NA","NA","NA","NA","NA","NA","NA","0"
"cis-3,4-methyleneheptanoylcarnitine","NA","NA","NA","NA","NA","NA","NA","0"
"N-acetyl-2-aminoadipate","NA","NA","NA","NA","NA","NA","NA","0"
"4-chlorobenzoic acid","4-Chlorobenzoate","METPA0283",NA,"17861","C02370",NA,NA,"1"
"2,4-di-tert-butylphenol","2,4-Di-tert-butylphenol","HMDB0013816","7311","89188",NA,NA,"CC(C)(C)C1=CC=C(O)C(=C1)C(C)(C)C","1"
"3-hydroxyoctanoylcarnitine (1)","NA","NA","NA","NA","NA","NA","NA","0"
"cis-3,4-methyleneheptanoylglycine","NA","NA","NA","NA","NA","NA","NA","0"
"bilirubin degradation product, C16H18N2O5 (1)*","NA","NA","NA","NA","NA","NA","NA","0"
"bilirubin degradation product, C16H18N2O5 (2)*","NA","NA","NA","NA","NA","NA","NA","0"
"bilirubin degradation product, C17H18N2O4 (1)*","NA","NA","NA","NA","NA","NA","NA","0"
"bilirubin degradation product, C17H18N2O4 (2)*","NA","NA","NA","NA","NA","NA","NA","0"
"bilirubin degradation product, C17H18N2O4 (3)*","NA","NA","NA","NA","NA","NA","NA","0"
"bilirubin degradation product, C17H20N2O5 (1)*","NA","NA","NA","NA","NA","NA","NA","0"
"bilirubin degradation product, C17H20N2O5 (2)*","NA","NA","NA","NA","NA","NA","NA","0"
"tetrahydrocortisol glucuronide","NA","NA","NA","NA","NA","NA","NA","0"
"N,N-dimethyl-pro-pro","NA","NA","NA","NA","NA","NA","NA","0"
"oxindolylalanine","NA","NA","NA","NA","NA","NA","NA","0"
"tetrahydrocortisone glucuronide (5)","NA","NA","NA","NA","NA","NA","NA","0"
